
INSERT INTO	Types
			(Type,							Kind					)
VALUES		('CIVILIZATION_MICO_KOOPA',		'KIND_CIVILIZATION'		),
			('CIVILIZATION_MICO_MUSHROOM',		'KIND_CIVILIZATION'		),
			('CIVILIZATION_MICO_SARASALAND',		'KIND_CIVILIZATION'		);
		


INSERT INTO	Civilizations
			(
			CivilizationType,
			Name,
			Description,
			Adjective,
			StartingCivilizationLevelType,
			RandomCityNameDepth,
			Ethnicity
			)

VALUES		(
			'CIVILIZATION_MICO_KOOPA', --CivilizationType
			'LOC_CIVILIZATION_MICO_KOOPA_NAME', -- Name
			'LOC_CIVILIZATION_MICO_KOOPA_DESCRIPTION', -- Description
			'LOC_CIVILIZATION_MICO_KOOPA_ADJECTIVE', -- Adjective
			'CIVILIZATION_LEVEL_FULL_CIV', -- StartingCivilizationLevelType
			4, -- RandomCityNameDepth
			'ETHNICITY_ASIAN' -- Ethnicity
			),
			(
			'CIVILIZATION_MICO_MUSHROOM', --CivilizationType
			'LOC_CIVILIZATION_MICO_MUSHROOM_NAME', -- Name
			'LOC_CIVILIZATION_MICO_MUSHROOM_DESCRIPTION', -- Description
			'LOC_CIVILIZATION_MICO_MUSHROOM_ADJECTIVE', -- Adjective
			'CIVILIZATION_LEVEL_FULL_CIV', -- StartingCivilizationLevelType
			4, -- RandomCityNameDepth
			'ETHNICITY_EURO' -- Ethnicity
			),
			(
			'CIVILIZATION_MICO_SARASALAND', --CivilizationType
			'LOC_CIVILIZATION_MICO_SARASALAND_NAME', -- Name
			'LOC_CIVILIZATION_MICO_SARASALAND_DESCRIPTION', -- Description
			'LOC_CIVILIZATION_MICO_SARASALAND_ADJECTIVE', -- Adjective
			'CIVILIZATION_LEVEL_FULL_CIV', -- StartingCivilizationLevelType
			4, -- RandomCityNameDepth
			'ETHNICITY_AFRICAN' -- Ethnicity
			);



INSERT INTO	CityNames
		(CivilizationType,			CityName						)
VALUES	('CIVILIZATION_MICO_KOOPA',	'LOC_CITY_NAME_MICO_KOOPA_1'		),
		('CIVILIZATION_MICO_KOOPA',	'LOC_CITY_NAME_MICO_KOOPA_2'		),
		('CIVILIZATION_MICO_KOOPA',	'LOC_CITY_NAME_MICO_KOOPA_3'		),
		('CIVILIZATION_MICO_KOOPA',	'LOC_CITY_NAME_MICO_KOOPA_4'		),
		('CIVILIZATION_MICO_KOOPA',	'LOC_CITY_NAME_MICO_KOOPA_5'		),
		('CIVILIZATION_MICO_KOOPA',	'LOC_CITY_NAME_MICO_KOOPA_6'		),
		('CIVILIZATION_MICO_KOOPA',	'LOC_CITY_NAME_MICO_KOOPA_7'		),
		('CIVILIZATION_MICO_KOOPA',	'LOC_CITY_NAME_MICO_KOOPA_8'		),
		('CIVILIZATION_MICO_KOOPA',	'LOC_CITY_NAME_MICO_KOOPA_9'		),
		('CIVILIZATION_MICO_KOOPA',	'LOC_CITY_NAME_MICO_KOOPA_10'		),
		('CIVILIZATION_MICO_KOOPA',	'LOC_CITY_NAME_MICO_KOOPA_11'		),
		('CIVILIZATION_MICO_KOOPA',	'LOC_CITY_NAME_MICO_KOOPA_12'		),
		('CIVILIZATION_MICO_KOOPA',	'LOC_CITY_NAME_MICO_KOOPA_13'		),
		('CIVILIZATION_MICO_KOOPA',	'LOC_CITY_NAME_MICO_KOOPA_14'		),
		('CIVILIZATION_MICO_KOOPA',	'LOC_CITY_NAME_MICO_KOOPA_15'		),
		('CIVILIZATION_MICO_MUSHROOM',	'LOC_CITY_NAME_MICO_MUSHROOM_1'		),
		('CIVILIZATION_MICO_MUSHROOM',	'LOC_CITY_NAME_MICO_MUSHROOM_2'		),
		('CIVILIZATION_MICO_MUSHROOM',	'LOC_CITY_NAME_MICO_MUSHROOM_3'		),
		('CIVILIZATION_MICO_MUSHROOM',	'LOC_CITY_NAME_MICO_MUSHROOM_4'		),
		('CIVILIZATION_MICO_MUSHROOM',	'LOC_CITY_NAME_MICO_MUSHROOM_5'		),
		('CIVILIZATION_MICO_MUSHROOM',	'LOC_CITY_NAME_MICO_MUSHROOM_6'		),
		('CIVILIZATION_MICO_MUSHROOM',	'LOC_CITY_NAME_MICO_MUSHROOM_7'		),
		('CIVILIZATION_MICO_MUSHROOM',	'LOC_CITY_NAME_MICO_MUSHROOM_8'		),
		('CIVILIZATION_MICO_MUSHROOM',	'LOC_CITY_NAME_MICO_MUSHROOM_9'		),
		('CIVILIZATION_MICO_MUSHROOM',	'LOC_CITY_NAME_MICO_MUSHROOM_10'		),
		('CIVILIZATION_MICO_MUSHROOM',	'LOC_CITY_NAME_MICO_MUSHROOM_11'		),
		('CIVILIZATION_MICO_MUSHROOM',	'LOC_CITY_NAME_MICO_MUSHROOM_12'		),
		('CIVILIZATION_MICO_MUSHROOM',	'LOC_CITY_NAME_MICO_MUSHROOM_13'		),
		('CIVILIZATION_MICO_MUSHROOM',	'LOC_CITY_NAME_MICO_MUSHROOM_14'		),
		('CIVILIZATION_MICO_MUSHROOM',	'LOC_CITY_NAME_MICO_MUSHROOM_15'		),
		('CIVILIZATION_MICO_MUSHROOM',	'LOC_CITY_NAME_MICO_MUSHROOM_16'		),
		('CIVILIZATION_MICO_MUSHROOM',	'LOC_CITY_NAME_MICO_MUSHROOM_17'		),
		('CIVILIZATION_MICO_MUSHROOM',	'LOC_CITY_NAME_MICO_MUSHROOM_18'		),
		('CIVILIZATION_MICO_MUSHROOM',	'LOC_CITY_NAME_MICO_MUSHROOM_19'		),
		('CIVILIZATION_MICO_MUSHROOM',	'LOC_CITY_NAME_MICO_MUSHROOM_20'		),
		('CIVILIZATION_MICO_MUSHROOM',	'LOC_CITY_NAME_MICO_MUSHROOM_21'		),
		('CIVILIZATION_MICO_MUSHROOM',	'LOC_CITY_NAME_MICO_MUSHROOM_22'		),
		('CIVILIZATION_MICO_MUSHROOM',	'LOC_CITY_NAME_MICO_MUSHROOM_23'		),
		('CIVILIZATION_MICO_SARASALAND',	'LOC_CITY_NAME_MICO_SARASALAND_1'		),
		('CIVILIZATION_MICO_SARASALAND',	'LOC_CITY_NAME_MICO_SARASALAND_2'		),
		('CIVILIZATION_MICO_SARASALAND',	'LOC_CITY_NAME_MICO_SARASALAND_3'		),
		('CIVILIZATION_MICO_SARASALAND',	'LOC_CITY_NAME_MICO_SARASALAND_4'		),
		('CIVILIZATION_MICO_SARASALAND',	'LOC_CITY_NAME_MICO_SARASALAND_5'		),
		('CIVILIZATION_MICO_SARASALAND',	'LOC_CITY_NAME_MICO_SARASALAND_6'		),
		('CIVILIZATION_MICO_SARASALAND',	'LOC_CITY_NAME_MICO_SARASALAND_7'		),
		('CIVILIZATION_MICO_SARASALAND',	'LOC_CITY_NAME_MICO_SARASALAND_8'		),
		('CIVILIZATION_MICO_SARASALAND',	'LOC_CITY_NAME_MICO_SARASALAND_9'		),
		('CIVILIZATION_MICO_SARASALAND',	'LOC_CITY_NAME_MICO_SARASALAND_10'		),
		('CIVILIZATION_MICO_SARASALAND',	'LOC_CITY_NAME_MICO_SARASALAND_11'		),
		('CIVILIZATION_MICO_SARASALAND',	'LOC_CITY_NAME_MICO_SARASALAND_12'		),
		('CIVILIZATION_MICO_SARASALAND',	'LOC_CITY_NAME_MICO_SARASALAND_13'		),
		('CIVILIZATION_MICO_SARASALAND',	'LOC_CITY_NAME_MICO_SARASALAND_14'		),
		('CIVILIZATION_MICO_SARASALAND',	'LOC_CITY_NAME_MICO_SARASALAND_15'		);
		

INSERT INTO	CivilizationCitizenNames
		(CivilizationType,			CitizenName,						Female	)
VALUES	('CIVILIZATION_MICO_KOOPA',	'LOC_CITIZEN_MICO_KOOPA_MALE_1',		0 		),
		('CIVILIZATION_MICO_KOOPA',	'LOC_CITIZEN_MICO_KOOPA_MALE_2',		0 		),
		('CIVILIZATION_MICO_KOOPA',	'LOC_CITIZEN_MICO_KOOPA_MALE_3',		0 		),
		('CIVILIZATION_MICO_KOOPA',	'LOC_CITIZEN_MICO_KOOPA_MALE_4',		0 		),
		('CIVILIZATION_MICO_KOOPA',	'LOC_CITIZEN_MICO_KOOPA_MALE_5',		0 		),
		('CIVILIZATION_MICO_KOOPA',	'LOC_CITIZEN_MICO_KOOPA_MALE_6',		0 		),
		('CIVILIZATION_MICO_KOOPA',	'LOC_CITIZEN_MICO_KOOPA_MALE_7',		0 		),
		('CIVILIZATION_MICO_KOOPA',	'LOC_CITIZEN_MICO_KOOPA_MALE_8',		0 		),
		('CIVILIZATION_MICO_KOOPA',	'LOC_CITIZEN_MICO_KOOPA_MALE_9',		0 		),
		('CIVILIZATION_MICO_KOOPA',	'LOC_CITIZEN_MICO_KOOPA_FEMALE_1',		1 		),	
		('CIVILIZATION_MICO_KOOPA',	'LOC_CITIZEN_MICO_KOOPA_FEMALE_2',		1 		),	
		('CIVILIZATION_MICO_KOOPA',	'LOC_CITIZEN_MICO_KOOPA_FEMALE_3',		1 		),	
		('CIVILIZATION_MICO_KOOPA',	'LOC_CITIZEN_MICO_KOOPA_FEMALE_4',		1 		),	
		('CIVILIZATION_MICO_KOOPA',	'LOC_CITIZEN_MICO_KOOPA_FEMALE_5',		1 		),	
		('CIVILIZATION_MICO_KOOPA',	'LOC_CITIZEN_MICO_KOOPA_FEMALE_6',		1 		),	
		('CIVILIZATION_MICO_KOOPA',	'LOC_CITIZEN_MICO_KOOPA_FEMALE_7',		1 		),	
		('CIVILIZATION_MICO_KOOPA',	'LOC_CITIZEN_MICO_KOOPA_FEMALE_8',		1 		),	
		('CIVILIZATION_MICO_KOOPA',	'LOC_CITIZEN_MICO_KOOPA_FEMALE_9',		1 		),	
		('CIVILIZATION_MICO_MUSHROOM',	'LOC_CITIZEN_MICO_MUSHROOM_MALE_1',	0 		),
		('CIVILIZATION_MICO_MUSHROOM',	'LOC_CITIZEN_MICO_MUSHROOM_FEMALE_1',	1 		),
		('CIVILIZATION_MICO_SARASALAND',	'LOC_CITIZEN_MICO_SARASALAND_MALE_1',		0 		),
		('CIVILIZATION_MICO_SARASALAND',	'LOC_CITIZEN_MICO_SARASALAND_MALE_2',		0 		),
		('CIVILIZATION_MICO_SARASALAND',	'LOC_CITIZEN_MICO_SARASALAND_FEMALE_1',		1 		);


INSERT INTO	CivilizationInfo
		(CivilizationType,			Header,						Caption,								SortIndex	)
VALUES	('CIVILIZATION_MICO_KOOPA',	'LOC_CIVINFO_LOCATION',		'LOC_CIVINFO_MICO_KOOPA_LOCATION',		10			),
		('CIVILIZATION_MICO_KOOPA',	'LOC_CIVINFO_SIZE',			'LOC_CIVINFO_MICO_KOOPA_SIZE',			20			),
		('CIVILIZATION_MICO_KOOPA',	'LOC_CIVINFO_POPULATION',	'LOC_CIVINFO_MICO_KOOPA_POPULATION',		30			),
		('CIVILIZATION_MICO_KOOPA',	'LOC_CIVINFO_CAPITAL',		'LOC_CIVINFO_MICO_KOOPA_CAPITAL',			40			),
		('CIVILIZATION_MICO_MUSHROOM',	'LOC_CIVINFO_LOCATION',		'LOC_CIVINFO_MICO_MUSHROOM_LOCATION',		10			),
		('CIVILIZATION_MICO_MUSHROOM',	'LOC_CIVINFO_SIZE',			'LOC_CIVINFO_MICO_MUSHROOM_SIZE',			20			),
		('CIVILIZATION_MICO_MUSHROOM',	'LOC_CIVINFO_POPULATION',	'LOC_CIVINFO_MICO_MUSHROOM_POPULATION',		30			),
		('CIVILIZATION_MICO_MUSHROOM',	'LOC_CIVINFO_CAPITAL',		'LOC_CIVINFO_MICO_MUSHROOM_CAPITAL',			40			),
		('CIVILIZATION_MICO_SARASALAND',	'LOC_CIVINFO_LOCATION',		'LOC_CIVINFO_MICO_SARASALAND_LOCATION',		10			),
		('CIVILIZATION_MICO_SARASALAND',	'LOC_CIVINFO_SIZE',			'LOC_CIVINFO_MICO_SARASALAND_SIZE',			20			),
		('CIVILIZATION_MICO_SARASALAND',	'LOC_CIVINFO_POPULATION',	'LOC_CIVINFO_MICO_SARASALAND_POPULATION',		30			),
		('CIVILIZATION_MICO_SARASALAND',	'LOC_CIVINFO_CAPITAL',		'LOC_CIVINFO_MICO_SARASALAND_CAPITAL',			40			);
		

INSERT INTO	StartBiasTerrains
		(CivilizationType,			TerrainType,			Tier	)
VALUES	('CIVILIZATION_MICO_KOOPA',	'TERRAIN_PLAINS_HILLS',		3		),
		('CIVILIZATION_MICO_KOOPA',	'TERRAIN_GRASS',		5		),
		('CIVILIZATION_MICO_MUSHROOM',	'TERRAIN_GRASS_HILLS',		3		),
		('CIVILIZATION_MICO_MUSHROOM',	'TERRAIN_PLAINS',		5		),
		('CIVILIZATION_MICO_SARASALAND',	'TERRAIN_DESERT_HILLS',		2		),
		('CIVILIZATION_MICO_SARASALAND',	'TERRAIN_DESERT',		5		);

INSERT INTO	StartBiasFeatures
		(CivilizationType,			FeatureType,			Tier	)
VALUES	('CIVILIZATION_MICO_KOOPA',	'FEATURE_VOLCANO',	1		),
		('CIVILIZATION_MICO_KOOPA',	'FEATURE_GEOTHERMAL_FISSURE',	2		),
		('CIVILIZATION_MICO_MUSHROOM',	'FEATURE_FOREST',	3		),
		('CIVILIZATION_MICO_MUSHROOM',	'FEATURE_MATTERHORN',	4		),
		('CIVILIZATION_MICO_SARASALAND',	'FEATURE_OASIS',	1		),
		('CIVILIZATION_MICO_SARASALAND',	'FEATURE_WHITEDESERT',	2		);

INSERT INTO	StartBiasResources
		(CivilizationType,				ResourceType,			Tier	)
VALUES	('CIVILIZATION_MICO_MUSHROOM',	'RESOURCE_TRUFFLES',	1		),
		('CIVILIZATION_MICO_MUSHROOM',	'RESOURCE_STONE',		1		);

INSERT INTO	StartBiasRivers
		(CivilizationType,				Tier	)
VALUES	('CIVILIZATION_MICO_KOOPA',		4		),
		('CIVILIZATION_MICO_MUSHROOM',		2		),
		('CIVILIZATION_MICO_SARASALAND',		1		);
