/*
	Civilization Unique Ability
	Authors: MC
*/

-----------------------------------------------
-- Types

-- The game code cites the Civilization Ability as a 'Trait', hence we're using that term here (and throughout this section). 

-- This inserts the Unique Ability reference into the primary Data Types table as a recognised trait. This is mandatory, if configuring a custom trait for your civilization. The string listed under 'Type' must be used throughout the mod when referring to the TraitType.

-- The standard naming convention follows: TRAIT_CIVILIZATION_PREFIX_TRAITNAME

-- As with everywhere else, we're using our PREFIX to try and keep things unique. This also helps us differentiate the things we are creating and the things we are borrowing from the game.

-- Configuring a Unique Ability for your custom civilization is entirely optional, but it is typically considered appropriate for balance to configure one, such that your custom civilization matches those from the base games in terms of complexity, both for flavour and gameplay balance.
-----------------------------------------------

INSERT INTO	Types
		(Type,															Kind			)
VALUES	('TRAIT_CIVILIZATION_MICO_LAND_OF_FIRE',						'KIND_TRAIT'	),
		('TRAIT_CIVILIZATION_MICO_LAND_OF_SUPERSTARS',					'KIND_TRAIT'	),
		('TRAIT_CIVILIZATION_MICO_LAND_OF_FOUR_KINGDOMS',				'KIND_TRAIT'	);

-----------------------------------------------
-- Traits

-- With the TraitType defined (above), the below then inserts it into the overall Traits table. This allows it to exist in its own right, alongside other TraitType elements and ties it to the locally-referenced Name and Description text strings that name and describe the trait, respectively.
-----------------------------------------------

INSERT INTO	Traits	
		(TraitType,											Name,														Description														)
VALUES	('TRAIT_CIVILIZATION_MICO_LAND_OF_FIRE',			'LOC_TRAIT_CIVILIZATION_MICO_LAND_OF_FIRE_NAME',			'LOC_TRAIT_CIVILIZATION_MICO_LAND_OF_FIRE_DESCRIPTION'			),
		('TRAIT_CIVILIZATION_MICO_LAND_OF_SUPERSTARS',		'LOC_TRAIT_CIVILIZATION_MICO_LAND_OF_SUPERSTARS_NAME',		'LOC_TRAIT_CIVILIZATION_MICO_LAND_OF_SUPERSTARS_DESCRIPTION'	),
		('TRAIT_CIVILIZATION_MICO_LAND_OF_FOUR_KINGDOMS',	'LOC_TRAIT_CIVILIZATION_MICO_LAND_OF_FOUR_KINGDOMS_NAME',	'LOC_TRAIT_CIVILIZATION_MICO_LAND_OF_FOUR_KINGDOMS_DESCRIPTION'	);
		
-----------------------------------------------
-- CivilizationTraits

-- This defines the civilization to which the TraitType is applied (i.e. which civilization gets the Unique Ability). This is a simple matter of referencing the custom CivilizationType defined in Civilization_Config.sql and using the TraitType defined at the head of this document.
-----------------------------------------------

INSERT INTO	CivilizationTraits
		(CivilizationType,					TraitType										)
VALUES	('CIVILIZATION_MICO_KOOPA',			'TRAIT_CIVILIZATION_MICO_LAND_OF_FIRE'			),
		('CIVILIZATION_MICO_MUSHROOM',		'TRAIT_CIVILIZATION_MICO_LAND_OF_SUPERSTARS'	),
		('CIVILIZATION_MICO_SARASALAND',	'TRAIT_CIVILIZATION_MICO_LAND_OF_FOUR_KINGDOMS'	);

-----------------------------------------------
-- TraitModifiers
-----------------------------------------------

INSERT INTO	TraitModifiers	
		(TraitType,										ModifierId													)
VALUES	('TRAIT_CIVILIZATION_MICO_LAND_OF_FIRE',		'MODIFIER_MICO_AVOID_KILIMANJARO_GENTLE'					),
		('TRAIT_CIVILIZATION_MICO_LAND_OF_FIRE',		'MODIFIER_MICO_AVOID_KILIMANJARO_CATASTROPHIC'				),
		('TRAIT_CIVILIZATION_MICO_LAND_OF_FIRE',		'MODIFIER_MICO_AVOID_VESUVIUS_MEGACOLOSSAL'					),
		('TRAIT_CIVILIZATION_MICO_LAND_OF_FIRE',		'MODIFIER_MICO_AVOID_VOLCANO_GENTLE'						),
		('TRAIT_CIVILIZATION_MICO_LAND_OF_FIRE',		'MODIFIER_MICO_AVOID_VOLCANO_CATASTROPHIC'					),
		('TRAIT_CIVILIZATION_MICO_LAND_OF_FIRE',		'MODIFIER_MICO_AVOID_VOLCANO_MEGACOLOSSAL'					),
		('TRAIT_CIVILIZATION_MICO_LAND_OF_FIRE',		'MODIFIER_MICO_AVOID_FOREST_FIRE'							),
		('TRAIT_CIVILIZATION_MICO_LAND_OF_FIRE',		'MODIFIER_MICO_AVOID_JUNGLE_FIRE'							),
		('TRAIT_CIVILIZATION_MICO_LAND_OF_FIRE',		'MODIFIER_MICO_DOUBLE_KILIMANJARO_GENTLE'					),
		('TRAIT_CIVILIZATION_MICO_LAND_OF_FIRE',		'MODIFIER_MICO_DOUBLE_KILIMANJARO_CATASTROPHIC'				),
		('TRAIT_CIVILIZATION_MICO_LAND_OF_FIRE',		'MODIFIER_MICO_DOUBLE_VESUVIUS_MEGACOLOSSAL'				),
		('TRAIT_CIVILIZATION_MICO_LAND_OF_FIRE',		'MODIFIER_MICO_DOUBLE_VOLCANO_GENTLE'						),
		('TRAIT_CIVILIZATION_MICO_LAND_OF_FIRE',		'MODIFIER_MICO_DOUBLE_VOLCANO_CATASTROPHIC'					),
		('TRAIT_CIVILIZATION_MICO_LAND_OF_FIRE',		'MODIFIER_MICO_DOUBLE_VOLCANO_MEGACOLOSSAL'					),
		('TRAIT_CIVILIZATION_MICO_LAND_OF_FIRE',		'MODIFIER_MICO_DOUBLE_FOREST_FIRE'							),
		('TRAIT_CIVILIZATION_MICO_LAND_OF_FIRE',		'MODIFIER_MICO_DOUBLE_JUNGLE_FIRE'							),
		('TRAIT_CIVILIZATION_MICO_LAND_OF_FIRE',		'MODIFIER_MICO_VOLCANO_COMMERCIALHUB_ADJACENCY'				),
		('TRAIT_CIVILIZATION_MICO_LAND_OF_FIRE',		'MODIFIER_MICO_VOLCANO_HOLYSITE_ADJACENCY'					),
		('TRAIT_CIVILIZATION_MICO_LAND_OF_FIRE',		'MODIFIER_MICO_VOLCANO_THEATER_ADJACENCY'					),
		('TRAIT_CIVILIZATION_MICO_LAND_OF_FIRE',		'MODIFIER_MICO_VOLCANO_CAMPUS_ADJACENCY'					),
		('TRAIT_CIVILIZATION_MICO_LAND_OF_FIRE',		'MODIFIER_MICO_VOLCANO_INDUSTRIAL_ZONE_ADJACENCY'			),
		('TRAIT_CIVILIZATION_MICO_LAND_OF_FIRE',		'MODIFIER_MICO_VOLCANO_HARBOR_ADJACENCY'					),
		('TRAIT_CIVILIZATION_MICO_LAND_OF_FIRE',		'MODIFIER_MICO_GEOTHERMAL_FISSURE_COMMERCIALHUB_ADJACENCY'	),
		('TRAIT_CIVILIZATION_MICO_LAND_OF_FIRE',		'MODIFIER_MICO_GEOTHERMAL_FISSURE_HOLYSITE_ADJACENCY'		),
		('TRAIT_CIVILIZATION_MICO_LAND_OF_FIRE',		'MODIFIER_MICO_GEOTHERMAL_FISSURE_THEATER_ADJACENCY'		),
		('TRAIT_CIVILIZATION_MICO_LAND_OF_FIRE',		'MODIFIER_MICO_GEOTHERMAL_FISSURE_INDUSTRIAL_ZONE_ADJACENCY'),
		('TRAIT_CIVILIZATION_MICO_LAND_OF_FIRE',		'MODIFIER_MICO_GEOTHERMAL_FISSURE_HARBOR_ADJACENCY'			),
		('TRAIT_CIVILIZATION_MICO_LAND_OF_SUPERSTARS',	'MODIFIER_MICO_EXTRA_CULTURE_ON_TRUFFLES'					),
		('TRAIT_CIVILIZATION_MICO_LAND_OF_SUPERSTARS',	'MODIFIER_MICO_EXTRA_CULTURE_ON_STONES'						),
		('TRAIT_CIVILIZATION_MICO_LAND_OF_SUPERSTARS',	'MODIFIER_MICO_EXTRA_GOLD_EVERYWHERE'						);

-----------------------------------------------
-- Modifiers
-----------------------------------------------

INSERT INTO	Modifiers
		(ModifierId,													ModifierType,																	RunOnce,		Permanent,	SubjectRequirementSetId					)
VALUES	('MODIFIER_MICO_AVOID_KILIMANJARO_GENTLE',						'MODIFIER_PLAYER_ADJUST_RANDOM_EVENT_NO_UNIT_DAMAGE',							0,				1,			null									),
		('MODIFIER_MICO_AVOID_KILIMANJARO_CATASTROPHIC',				'MODIFIER_PLAYER_ADJUST_RANDOM_EVENT_NO_UNIT_DAMAGE',							0,				1,			null									),
		('MODIFIER_MICO_AVOID_VESUVIUS_MEGACOLOSSAL',					'MODIFIER_PLAYER_ADJUST_RANDOM_EVENT_NO_UNIT_DAMAGE',							0,				1,			null									),
		('MODIFIER_MICO_AVOID_VOLCANO_GENTLE',							'MODIFIER_PLAYER_ADJUST_RANDOM_EVENT_NO_UNIT_DAMAGE',							0,				1,			null									),
		('MODIFIER_MICO_AVOID_VOLCANO_CATASTROPHIC',					'MODIFIER_PLAYER_ADJUST_RANDOM_EVENT_NO_UNIT_DAMAGE',							0,				1,			null									),
		('MODIFIER_MICO_AVOID_VOLCANO_MEGACOLOSSAL',					'MODIFIER_PLAYER_ADJUST_RANDOM_EVENT_NO_UNIT_DAMAGE',							0,				1,			null									),
		('MODIFIER_MICO_AVOID_FOREST_FIRE',								'MODIFIER_PLAYER_ADJUST_RANDOM_EVENT_NO_UNIT_DAMAGE',							0,				1,			null									),
		('MODIFIER_MICO_AVOID_JUNGLE_FIRE',								'MODIFIER_PLAYER_ADJUST_RANDOM_EVENT_NO_UNIT_DAMAGE',							0,				1,			null									),
		('MODIFIER_MICO_DOUBLE_KILIMANJARO_GENTLE',						'MODIFIER_PLAYER_ADJUST_RANDOM_EVENT_MODIFIED_DAMAGE_OPPOSING_PLAYER',			0,				1,			null									),
		('MODIFIER_MICO_DOUBLE_KILIMANJARO_CATASTROPHIC',				'MODIFIER_PLAYER_ADJUST_RANDOM_EVENT_MODIFIED_DAMAGE_OPPOSING_PLAYER',			0,				1,			null									),
		('MODIFIER_MICO_DOUBLE_VESUVIUS_MEGACOLOSSAL',					'MODIFIER_PLAYER_ADJUST_RANDOM_EVENT_MODIFIED_DAMAGE_OPPOSING_PLAYER',			0,				1,			null									),
		('MODIFIER_MICO_DOUBLE_VOLCANO_GENTLE',							'MODIFIER_PLAYER_ADJUST_RANDOM_EVENT_MODIFIED_DAMAGE_OPPOSING_PLAYER',			0,				1,			null									),
		('MODIFIER_MICO_DOUBLE_VOLCANO_CATASTROPHIC',					'MODIFIER_PLAYER_ADJUST_RANDOM_EVENT_MODIFIED_DAMAGE_OPPOSING_PLAYER',			0,				1,			null									),
		('MODIFIER_MICO_DOUBLE_VOLCANO_MEGACOLOSSAL',					'MODIFIER_PLAYER_ADJUST_RANDOM_EVENT_MODIFIED_DAMAGE_OPPOSING_PLAYER',			0,				1,			null									),
		('MODIFIER_MICO_DOUBLE_FOREST_FIRE',							'MODIFIER_PLAYER_ADJUST_RANDOM_EVENT_MODIFIED_DAMAGE_OPPOSING_PLAYER',			0,				1,			null									),
		('MODIFIER_MICO_DOUBLE_JUNGLE_FIRE',							'MODIFIER_PLAYER_ADJUST_RANDOM_EVENT_MODIFIED_DAMAGE_OPPOSING_PLAYER',			0,				1,			null									),
		('MODIFIER_MICO_VOLCANO_COMMERCIALHUB_ADJACENCY',				'MODIFIER_PLAYER_CITIES_FEATURE_ADJACENCY',										0,				0,			null									),
		('MODIFIER_MICO_VOLCANO_HOLYSITE_ADJACENCY',					'MODIFIER_PLAYER_CITIES_FEATURE_ADJACENCY',										0,				0,			null									),
		('MODIFIER_MICO_VOLCANO_THEATER_ADJACENCY',						'MODIFIER_PLAYER_CITIES_FEATURE_ADJACENCY',										0,				0,			null									),
		('MODIFIER_MICO_VOLCANO_CAMPUS_ADJACENCY',						'MODIFIER_PLAYER_CITIES_FEATURE_ADJACENCY',										0,				0,			null									),
		('MODIFIER_MICO_VOLCANO_INDUSTRIAL_ZONE_ADJACENCY',				'MODIFIER_PLAYER_CITIES_FEATURE_ADJACENCY',										0,				0,			null									),
		('MODIFIER_MICO_VOLCANO_HARBOR_ADJACENCY',						'MODIFIER_PLAYER_CITIES_FEATURE_ADJACENCY',										0,				0,			null									),
		('MODIFIER_MICO_GEOTHERMAL_FISSURE_COMMERCIALHUB_ADJACENCY',	'MODIFIER_PLAYER_CITIES_FEATURE_ADJACENCY',										0,				0,			null									),
		('MODIFIER_MICO_GEOTHERMAL_FISSURE_HOLYSITE_ADJACENCY',			'MODIFIER_PLAYER_CITIES_FEATURE_ADJACENCY',										0,				0,			null									),
		('MODIFIER_MICO_GEOTHERMAL_FISSURE_THEATER_ADJACENCY',			'MODIFIER_PLAYER_CITIES_FEATURE_ADJACENCY',										0,				0,  		null									),
		('MODIFIER_MICO_GEOTHERMAL_FISSURE_INDUSTRIAL_ZONE_ADJACENCY',	'MODIFIER_PLAYER_CITIES_FEATURE_ADJACENCY',										0,				0,			null									),
		('MODIFIER_MICO_GEOTHERMAL_FISSURE_HARBOR_ADJACENCY',			'MODIFIER_PLAYER_CITIES_FEATURE_ADJACENCY',										0,				0,			null									),
		('MODIFIER_MICO_EXTRA_CULTURE_ON_TRUFFLES',						'MODIFIER_PLAYER_ADJUST_PLOT_YIELD',											0,				0,			'REQUIREMENTSET_MICO_PLOT_HAS_TRUFFLE'	),
		('MODIFIER_MICO_EXTRA_CULTURE_ON_STONES',						'MODIFIER_PLAYER_ADJUST_PLOT_YIELD',											0,				0,			'REQUIREMENTSET_MICO_PLOT_HAS_STONE'	),
		('MODIFIER_MICO_EXTRA_GOLD_EVERYWHERE',							'MODIFIER_PLAYER_ADJUST_PLOT_YIELD',											0,				0,			null									);


-----------------------------------------------
-- ModifierArguments
-----------------------------------------------

INSERT INTO	ModifierArguments
		(ModifierId,													Name,							Value												)
VALUES	('MODIFIER_MICO_AVOID_KILIMANJARO_GENTLE',						'RandomEventType',				'RANDOM_EVENT_KILIMANJARO_GENTLE'					),
		('MODIFIER_MICO_AVOID_KILIMANJARO_GENTLE',						'NoDamage',						1													),
		('MODIFIER_MICO_AVOID_KILIMANJARO_CATASTROPHIC',				'RandomEventType',				'RANDOM_EVENT_KILIMANJARO_CATASTROPHIC'				),
		('MODIFIER_MICO_AVOID_KILIMANJARO_CATASTROPHIC',				'NoDamage',						1													),
		('MODIFIER_MICO_AVOID_VESUVIUS_MEGACOLOSSAL',					'RandomEventType',				'RANDOM_EVENT_VESUVIUS_MEGACOLOSSAL'				),
		('MODIFIER_MICO_AVOID_VESUVIUS_MEGACOLOSSAL',					'NoDamage',						1													),
		('MODIFIER_MICO_AVOID_VOLCANO_GENTLE',							'RandomEventType',				'RANDOM_EVENT_VOLCANO_GENTLE'						),
		('MODIFIER_MICO_AVOID_VOLCANO_GENTLE',							'NoDamage',						1													),
		('MODIFIER_MICO_AVOID_VOLCANO_CATASTROPHIC',					'RandomEventType',				'RANDOM_EVENT_VOLCANO_CATASTROPHIC'					),
		('MODIFIER_MICO_AVOID_VOLCANO_CATASTROPHIC',					'NoDamage',						1													),
		('MODIFIER_MICO_AVOID_VOLCANO_MEGACOLOSSAL',					'RandomEventType',				'RANDOM_EVENT_VOLCANO_MEGACOLOSSAL'					),
		('MODIFIER_MICO_AVOID_VOLCANO_MEGACOLOSSAL',					'NoDamage',						1													),
		('MODIFIER_MICO_AVOID_FOREST_FIRE',								'RandomEventType',				'RANDOM_EVENT_FOREST_FIRE'							),
		('MODIFIER_MICO_AVOID_FOREST_FIRE',								'NoDamage',						1													),
		('MODIFIER_MICO_AVOID_JUNGLE_FIRE',								'RandomEventType',				'RANDOM_EVENT_JUNGLE_FIRE'							),
		('MODIFIER_MICO_AVOID_JUNGLE_FIRE',								'NoDamage',						1													),
		('MODIFIER_MICO_DOUBLE_KILIMANJARO_GENTLE',						'RandomEventType',				'RANDOM_EVENT_KILIMANJARO_GENTLE'					),
		('MODIFIER_MICO_DOUBLE_KILIMANJARO_GENTLE',						'Amount',						100													),
		('MODIFIER_MICO_DOUBLE_KILIMANJARO_CATASTROPHIC',				'RandomEventType',				'RANDOM_EVENT_KILIMANJARO_CATASTROPHIC'				),
		('MODIFIER_MICO_DOUBLE_KILIMANJARO_CATASTROPHIC',				'Amount',						100													),
		('MODIFIER_MICO_DOUBLE_VESUVIUS_MEGACOLOSSAL',					'RandomEventType',				'RANDOM_EVENT_VESUVIUS_MEGACOLOSSAL'				),
		('MODIFIER_MICO_DOUBLE_VESUVIUS_MEGACOLOSSAL',					'Amount',						100													),
		('MODIFIER_MICO_DOUBLE_VOLCANO_GENTLE',							'RandomEventType',				'RANDOM_EVENT_VOLCANO_GENTLE'						),
		('MODIFIER_MICO_DOUBLE_VOLCANO_GENTLE',							'Amount',						100													),
		('MODIFIER_MICO_DOUBLE_VOLCANO_CATASTROPHIC',					'RandomEventType',				'RANDOM_EVENT_VOLCANO_CATASTROPHIC'					),
		('MODIFIER_MICO_DOUBLE_VOLCANO_CATASTROPHIC',					'Amount',						100													),
		('MODIFIER_MICO_DOUBLE_VOLCANO_MEGACOLOSSAL',					'RandomEventType',				'RANDOM_EVENT_VOLCANO_MEGACOLOSSAL'					),
		('MODIFIER_MICO_DOUBLE_VOLCANO_MEGACOLOSSAL',					'Amount',						100													),
		('MODIFIER_MICO_DOUBLE_FOREST_FIRE',							'RandomEventType',				'RANDOM_EVENT_FOREST_FIRE'							),
		('MODIFIER_MICO_DOUBLE_FOREST_FIRE',							'Amount',						100													),
		('MODIFIER_MICO_DOUBLE_JUNGLE_FIRE',							'RandomEventType',				'RANDOM_EVENT_JUNGLE_FIRE'							),
		('MODIFIER_MICO_DOUBLE_JUNGLE_FIRE',							'Amount',						100													),
		('MODIFIER_MICO_VOLCANO_COMMERCIALHUB_ADJACENCY',				'DistrictType',					'DISTRICT_COMMERCIAL_HUB'							),
		('MODIFIER_MICO_VOLCANO_COMMERCIALHUB_ADJACENCY',				'FeatureType',					'FEATURE_VOLCANO'									),
		('MODIFIER_MICO_VOLCANO_COMMERCIALHUB_ADJACENCY',				'YieldType',					'YIELD_GOLD'										),
		('MODIFIER_MICO_VOLCANO_COMMERCIALHUB_ADJACENCY',				'Amount',						2													),
		('MODIFIER_MICO_VOLCANO_COMMERCIALHUB_ADJACENCY',				'Description',					'LOC_MICO_DISTRICT_VOLCANO_2_GOLD'					),
		('MODIFIER_MICO_VOLCANO_HOLYSITE_ADJACENCY',					'DistrictType',					'DISTRICT_HOLY_SITE'								),
		('MODIFIER_MICO_VOLCANO_HOLYSITE_ADJACENCY',					'FeatureType',					'FEATURE_VOLCANO'									),
		('MODIFIER_MICO_VOLCANO_HOLYSITE_ADJACENCY',					'YieldType',					'YIELD_FAITH'										),
		('MODIFIER_MICO_VOLCANO_HOLYSITE_ADJACENCY',					'Amount',						2													),
		('MODIFIER_MICO_VOLCANO_HOLYSITE_ADJACENCY',					'Description',					'LOC_MICO_DISTRICT_VOLCANO_2_FAITH'					),
		('MODIFIER_MICO_VOLCANO_THEATER_ADJACENCY',						'DistrictType',					'DISTRICT_THEATER'									),
		('MODIFIER_MICO_VOLCANO_THEATER_ADJACENCY',						'FeatureType',					'FEATURE_VOLCANO'									),
		('MODIFIER_MICO_VOLCANO_THEATER_ADJACENCY',						'YieldType',					'YIELD_CULTURE'										),
		('MODIFIER_MICO_VOLCANO_THEATER_ADJACENCY',						'Amount',						2													),
		('MODIFIER_MICO_VOLCANO_THEATER_ADJACENCY',						'Description',					'LOC_MICO_DISTRICT_VOLCANO_2_CULTURE'				),
		('MODIFIER_MICO_VOLCANO_CAMPUS_ADJACENCY',						'DistrictType',					'DISTRICT_CAMPUS'									),
		('MODIFIER_MICO_VOLCANO_CAMPUS_ADJACENCY',						'FeatureType',					'FEATURE_VOLCANO'									),
		('MODIFIER_MICO_VOLCANO_CAMPUS_ADJACENCY',						'YieldType',					'YIELD_SCIENCE'										),
		('MODIFIER_MICO_VOLCANO_CAMPUS_ADJACENCY',						'Amount',						2													),
		('MODIFIER_MICO_VOLCANO_CAMPUS_ADJACENCY',						'Description',					'LOC_MICO_DISTRICT_VOLCANO_2_SCIENCE'				),
		('MODIFIER_MICO_VOLCANO_INDUSTRIAL_ZONE_ADJACENCY',				'DistrictType',					'DISTRICT_INDUSTRIAL_ZONE'							),
		('MODIFIER_MICO_VOLCANO_INDUSTRIAL_ZONE_ADJACENCY',				'FeatureType',					'FEATURE_VOLCANO'									),
		('MODIFIER_MICO_VOLCANO_INDUSTRIAL_ZONE_ADJACENCY',				'YieldType',					'YIELD_PRODUCTION'									),
		('MODIFIER_MICO_VOLCANO_INDUSTRIAL_ZONE_ADJACENCY',				'Amount',						2													),
		('MODIFIER_MICO_VOLCANO_INDUSTRIAL_ZONE_ADJACENCY',				'Description',					'LOC_MICO_DISTRICT_VOLCANO_2_PRODUCTION'			),
		('MODIFIER_MICO_VOLCANO_HARBOR_ADJACENCY',						'DistrictType',					'DISTRICT_HARBOR'									),
		('MODIFIER_MICO_VOLCANO_HARBOR_ADJACENCY',						'FeatureType',					'FEATURE_VOLCANO'									),
		('MODIFIER_MICO_VOLCANO_HARBOR_ADJACENCY',						'YieldType',					'YIELD_GOLD'										),
		('MODIFIER_MICO_VOLCANO_HARBOR_ADJACENCY',						'Amount',						2													),
		('MODIFIER_MICO_VOLCANO_HARBOR_ADJACENCY',						'Description',					'LOC_MICO_DISTRICT_VOLCANO_2_GOLD'					),
		('MODIFIER_MICO_GEOTHERMAL_FISSURE_COMMERCIALHUB_ADJACENCY',	'DistrictType',					'DISTRICT_COMMERCIAL_HUB'							),
		('MODIFIER_MICO_GEOTHERMAL_FISSURE_COMMERCIALHUB_ADJACENCY',	'FeatureType',					'FEATURE_GEOTHERMAL_FISSURE'						),		
		('MODIFIER_MICO_GEOTHERMAL_FISSURE_COMMERCIALHUB_ADJACENCY',	'YieldType',					'YIELD_GOLD'										),
		('MODIFIER_MICO_GEOTHERMAL_FISSURE_COMMERCIALHUB_ADJACENCY',	'Amount',						2													),
		('MODIFIER_MICO_GEOTHERMAL_FISSURE_COMMERCIALHUB_ADJACENCY',	'Description',					'LOC_MICO_DISTRICT_GEOTHERMAL_FISSURE_2_GOLD'		),
		('MODIFIER_MICO_GEOTHERMAL_FISSURE_HOLYSITE_ADJACENCY',			'DistrictType',					'DISTRICT_HOLY_SITE'								),
		('MODIFIER_MICO_GEOTHERMAL_FISSURE_HOLYSITE_ADJACENCY',			'FeatureType',					'FEATURE_GEOTHERMAL_FISSURE'						),		
		('MODIFIER_MICO_GEOTHERMAL_FISSURE_HOLYSITE_ADJACENCY',			'YieldType',					'YIELD_FAITH'										),
		('MODIFIER_MICO_GEOTHERMAL_FISSURE_HOLYSITE_ADJACENCY',			'Amount',						2													),
		('MODIFIER_MICO_GEOTHERMAL_FISSURE_HOLYSITE_ADJACENCY',			'Description',					'LOC_MICO_DISTRICT_GEOTHERMAL_FISSURE_2_FAITH'		),
		('MODIFIER_MICO_GEOTHERMAL_FISSURE_THEATER_ADJACENCY',			'DistrictType',					'DISTRICT_THEATER'									),
		('MODIFIER_MICO_GEOTHERMAL_FISSURE_THEATER_ADJACENCY',			'FeatureType',					'FEATURE_GEOTHERMAL_FISSURE'						),		
		('MODIFIER_MICO_GEOTHERMAL_FISSURE_THEATER_ADJACENCY',			'YieldType',					'YIELD_CULTURE'										),
		('MODIFIER_MICO_GEOTHERMAL_FISSURE_THEATER_ADJACENCY',			'Amount',						2													),
		('MODIFIER_MICO_GEOTHERMAL_FISSURE_THEATER_ADJACENCY',			'Description',					'LOC_MICO_DISTRICT_GEOTHERMAL_FISSURE_2_CULTURE'	),
		('MODIFIER_MICO_GEOTHERMAL_FISSURE_INDUSTRIAL_ZONE_ADJACENCY',	'DistrictType',					'DISTRICT_INDUSTRIAL_ZONE'							),
		('MODIFIER_MICO_GEOTHERMAL_FISSURE_INDUSTRIAL_ZONE_ADJACENCY',	'FeatureType',					'FEATURE_GEOTHERMAL_FISSURE'						),		
		('MODIFIER_MICO_GEOTHERMAL_FISSURE_INDUSTRIAL_ZONE_ADJACENCY',	'YieldType',					'YIELD_PRODUCTION'									),
		('MODIFIER_MICO_GEOTHERMAL_FISSURE_INDUSTRIAL_ZONE_ADJACENCY',	'Amount',						2													),
		('MODIFIER_MICO_GEOTHERMAL_FISSURE_INDUSTRIAL_ZONE_ADJACENCY',	'Description',					'LOC_MICO_DISTRICT_GEOTHERMAL_FISSURE_2_PRODUCTION'	),
		('MODIFIER_MICO_GEOTHERMAL_FISSURE_HARBOR_ADJACENCY',			'DistrictType',					'DISTRICT_HARBOR'									),
		('MODIFIER_MICO_GEOTHERMAL_FISSURE_HARBOR_ADJACENCY',			'FeatureType',					'FEATURE_GEOTHERMAL_FISSURE'						),		
		('MODIFIER_MICO_GEOTHERMAL_FISSURE_HARBOR_ADJACENCY',			'YieldType',					'YIELD_GOLD'										),
		('MODIFIER_MICO_GEOTHERMAL_FISSURE_HARBOR_ADJACENCY',			'Amount',						2													),
		('MODIFIER_MICO_GEOTHERMAL_FISSURE_HARBOR_ADJACENCY',			'Description',					'LOC_MICO_DISTRICT_GEOTHERMAL_FISSURE_2_GOLD'		),
		('MODIFIER_MICO_EXTRA_CULTURE_ON_TRUFFLES',						'YieldType',					'YIELD_CULTURE'										),
		('MODIFIER_MICO_EXTRA_CULTURE_ON_TRUFFLES',						'Amount',						2													),
		('MODIFIER_MICO_EXTRA_CULTURE_ON_STONES',						'YieldType',					'YIELD_CULTURE'										),
		('MODIFIER_MICO_EXTRA_CULTURE_ON_STONES',						'Amount',						2													),
		('MODIFIER_MICO_EXTRA_GOLD_EVERYWHERE',							'YieldType',					'YIELD_GOLD'										),
		('MODIFIER_MICO_EXTRA_GOLD_EVERYWHERE',							'Amount',						1													);



-- REQUIREMENTS

INSERT INTO RequirementSets
		(RequirementSetId,														RequirementSetType								)
VALUES	('REQUIREMENTSET_MICO_PLOT_HAS_TRUFFLE',								'REQUIREMENTSET_TEST_ALL'						),
		('REQUIREMENTSET_MICO_PLOT_HAS_STONE',									'REQUIREMENTSET_TEST_ALL'						);


INSERT INTO RequirementSetRequirements
		(RequirementSetId,														RequirementId										)
VALUES	('REQUIREMENTSET_MICO_PLOT_HAS_TRUFFLE',								'REQUIRES_MICO_PLOT_HAS_TRUFFLE'					),
		('REQUIREMENTSET_MICO_PLOT_HAS_STONE',									'REQUIRES_MICO_PLOT_HAS_STONE'						);

		
INSERT INTO Requirements
		(RequirementId, 														RequirementType										)
VALUES	('REQUIRES_MICO_PLOT_HAS_TRUFFLE',										'REQUIREMENT_PLOT_RESOURCE_TYPE_MATCHES'			),
		('REQUIRES_MICO_PLOT_HAS_STONE',										'REQUIREMENT_PLOT_RESOURCE_TYPE_MATCHES'			);

INSERT INTO RequirementArguments
		(RequirementId, 									Name,						Value										)
VALUES	('REQUIRES_MICO_PLOT_HAS_TRUFFLE', 					'ResourceType',				'RESOURCE_TRUFFLES'							),
		('REQUIRES_MICO_PLOT_HAS_STONE', 					'ResourceType',				'RESOURCE_STONE'							);


