
INSERT INTO Types	
		(Type,														Kind						)
VALUES	('TRAIT_CIVILIZATION_IMPROVEMENT_MICO_LAVA_FORTRESS',		'KIND_TRAIT'				),
		('IMPROVEMENT_MICO_LAVA_FORTRESS',							'KIND_IMPROVEMENT'			),
		('IMPROVEMENT_MICO_LAVA_FORTRESS_RUINS',					'KIND_IMPROVEMENT'			),
		('TRAIT_LEADER_IMPROVEMENT_MICO_FLOWER_SANCTUARY',			'KIND_TRAIT'				),
		('IMPROVEMENT_MICO_FLOWER_SANCTUARY',						'KIND_IMPROVEMENT'			),
		('TRAIT_CIVILIZATION_IMPROVEMENT_MICO_TOAD_HOUSE',			'KIND_TRAIT'				),
		('IMPROVEMENT_MICO_TOAD_HOUSE',								'KIND_IMPROVEMENT'			),
		('MODIFIER_MICO_PLAYER_DISTRICTS_ATTACH_MODIFIER',			'KIND_MODIFIER'				);

INSERT OR IGNORE INTO DynamicModifiers 
		(ModifierType,										CollectionType,					EffectType)
VALUES	('MODIFIER_MICO_PLAYER_DISTRICTS_ATTACH_MODIFIER',	'COLLECTION_PLAYER_DISTRICTS',	'EFFECT_ATTACH_MODIFIER');

		
INSERT INTO CivilizationTraits
		(TraitType,													CivilizationType					)
VALUES	('TRAIT_CIVILIZATION_IMPROVEMENT_MICO_LAVA_FORTRESS',		'CIVILIZATION_MICO_KOOPA'			),
		('TRAIT_CIVILIZATION_IMPROVEMENT_MICO_TOAD_HOUSE',			'CIVILIZATION_MICO_MUSHROOM'		);

INSERT INTO	LeaderTraits
		(LeaderType,					TraitType								)
VALUES	('LEADER_MICO_DAISY',			'TRAIT_LEADER_IMPROVEMENT_MICO_FLOWER_SANCTUARY'	);

INSERT INTO Traits
		(TraitType,													Name,											Description													)
VALUES	('TRAIT_CIVILIZATION_IMPROVEMENT_MICO_LAVA_FORTRESS',		'LOC_IMPROVEMENT_MICO_LAVA_FORTRESS_NAME',		'LOC_IMPROVEMENT_MICO_LAVA_FORTRESS_DESCRIPTION'			),
		('TRAIT_LEADER_IMPROVEMENT_MICO_FLOWER_SANCTUARY',	'LOC_IMPROVEMENT_MICO_FLOWER_SANCTUARY_NAME',	'LOC_IMPROVEMENT_MICO_FLOWER_SANCTUARY_DESCRIPTION'			),
		('TRAIT_CIVILIZATION_IMPROVEMENT_MICO_TOAD_HOUSE',			'LOC_IMPROVEMENT_MICO_TOAD_HOUSE_NAME',			'LOC_IMPROVEMENT_MICO_TOAD_HOUSE_DESCRIPTION'				);

--------------------------------------------------------------------------------------------------------------------------
-- Improvements Lava fortress
--------------------------------------------------------------------------------------------------------------------------
INSERT INTO Improvements	
		(
			ImprovementType,	Name,		Description,	Icon,			Buildable,		SameAdjacentValid,	TraitType,	PrereqCivic, DefenseModifier,
			GrantFortification, OnePerCity, Removable,		PlunderType,	PlunderAmount,	Housing,		TilesRequired
		)
VALUES	
		(
			'IMPROVEMENT_MICO_LAVA_FORTRESS', 'LOC_IMPROVEMENT_MICO_LAVA_FORTRESS_NAME', 'LOC_IMPROVEMENT_MICO_LAVA_FORTRESS_DESCRIPTION', 
			'ICON_IMPROVEMENT_MICO_LAVA_FORTRESS', 1, 1, 'TRAIT_CIVILIZATION_IMPROVEMENT_MICO_LAVA_FORTRESS', 'CIVIC_DEFENSIVE_TACTICS', 4, 2, 1, 0,
			'PLUNDER_GOLD', 50, 2, 1
		);

INSERT INTO Improvements_XP2
		(ImprovementType,					AllowImpassableMovement,	BuildOnAdjacentPlot,	DisasterResistant)
VALUES	
		('IMPROVEMENT_MICO_LAVA_FORTRESS',  0,							0,						1);


INSERT INTO Improvement_ValidTerrains
			(ImprovementType,									TerrainType					)
VALUES 		('IMPROVEMENT_MICO_LAVA_FORTRESS',					'TERRAIN_DESERT'			),
			('IMPROVEMENT_MICO_LAVA_FORTRESS',					'TERRAIN_TUNDRA'			),
			('IMPROVEMENT_MICO_LAVA_FORTRESS',					'TERRAIN_PLAINS'			),
			('IMPROVEMENT_MICO_LAVA_FORTRESS',					'TERRAIN_GRASS'				),
			('IMPROVEMENT_MICO_LAVA_FORTRESS',					'TERRAIN_SNOW'				),
			('IMPROVEMENT_MICO_LAVA_FORTRESS',					'TERRAIN_DESERT_HILLS'		),
			('IMPROVEMENT_MICO_LAVA_FORTRESS',					'TERRAIN_TUNDRA_HILLS'		),
			('IMPROVEMENT_MICO_LAVA_FORTRESS',					'TERRAIN_PLAINS_HILLS'		),
			('IMPROVEMENT_MICO_LAVA_FORTRESS',					'TERRAIN_GRASS_HILLS'		),
			('IMPROVEMENT_MICO_LAVA_FORTRESS',					'TERRAIN_SNOW_HILLS'		),
			('IMPROVEMENT_MICO_LAVA_FORTRESS',					'TERRAIN_GRASS_MOUNTAIN'	),
			('IMPROVEMENT_MICO_LAVA_FORTRESS',					'TERRAIN_PLAINS_MOUNTAIN'	),
			('IMPROVEMENT_MICO_LAVA_FORTRESS',					'TERRAIN_DESERT_MOUNTAIN'	),
			('IMPROVEMENT_MICO_LAVA_FORTRESS',					'TERRAIN_TUNDRA_MOUNTAIN'	),
			('IMPROVEMENT_MICO_LAVA_FORTRESS',					'TERRAIN_SNOW_MOUNTAIN'		);

INSERT INTO Improvement_ValidFeatures
			(ImprovementType,							FeatureType							)
VALUES 		('IMPROVEMENT_MICO_LAVA_FORTRESS',			'FEATURE_VOLCANO'					),
			('IMPROVEMENT_MICO_LAVA_FORTRESS',			'FEATURE_FLOODPLAINS'				),
			('IMPROVEMENT_MICO_LAVA_FORTRESS',			'FEATURE_FLOODPLAINS_GRASSLAND'		),
			('IMPROVEMENT_MICO_LAVA_FORTRESS',			'FEATURE_FLOODPLAINS_PLAINS'		),
			('IMPROVEMENT_MICO_LAVA_FORTRESS',			'FEATURE_VOLCANIC_SOIL'				);

INSERT INTO Improvement_ValidBuildUnits
			(ImprovementType,							UnitType						)
VALUES 		('IMPROVEMENT_MICO_LAVA_FORTRESS',			'UNIT_BUILDER'		);

INSERT INTO Improvement_YieldChanges	
		(ImprovementType,						YieldType,						YieldChange		)
VALUES	('IMPROVEMENT_MICO_LAVA_FORTRESS',		'YIELD_PRODUCTION',				1				),
		('IMPROVEMENT_MICO_LAVA_FORTRESS',		'YIELD_SCIENCE',				1				);		

INSERT INTO Improvement_Adjacencies	
		(ImprovementType,					YieldChangeId)
VALUES	('IMPROVEMENT_MICO_LAVA_FORTRESS',	'MICO_LAVA_FORTRESS_PRODUCTION_VOLCANIC_SOIL'			),
		('IMPROVEMENT_MICO_LAVA_FORTRESS',	'MICO_LAVA_FORTRESS_SCIENCE_VOLCANIC_SOIL'				),
		('IMPROVEMENT_MICO_LAVA_FORTRESS',	'MICO_LAVA_FORTRESS_CASTLE_PRODUCTION_VOLCANIC_SOIL'	),
		('IMPROVEMENT_MICO_LAVA_FORTRESS',	'MICO_LAVA_FORTRESS_CASTLE_SCIENCE_VOLCANIC_SOIL'		);

INSERT INTO Adjacency_YieldChanges
		(ID,													Description,	YieldType,			YieldChange,	TilesRequired,		AdjacentFeature,			PrereqTech,		ObsoleteTech)
VALUES	('MICO_LAVA_FORTRESS_PRODUCTION_VOLCANIC_SOIL',			'Placeholder',	'YIELD_PRODUCTION',	1,				2,					'FEATURE_VOLCANIC_SOIL',	null,			'TECH_CASTLES'),
		('MICO_LAVA_FORTRESS_SCIENCE_VOLCANIC_SOIL',			'Placeholder',	'YIELD_SCIENCE',	1,				2,					'FEATURE_VOLCANIC_SOIL',	null,			'TECH_CASTLES'),
		('MICO_LAVA_FORTRESS_CASTLE_PRODUCTION_VOLCANIC_SOIL',	'Placeholder',	'YIELD_PRODUCTION',	1,				1,					'FEATURE_VOLCANIC_SOIL',	'TECH_CASTLES',	null),
		('MICO_LAVA_FORTRESS_CASTLE_SCIENCE_VOLCANIC_SOIL',		'Placeholder',	'YIELD_SCIENCE',	1,				1,					'FEATURE_VOLCANIC_SOIL',	'TECH_CASTLES',	null);

INSERT INTO Improvement_Tourism	
		(ImprovementType,					TourismSource,						PrereqTech,			ScalingFactor	)
VALUES	('IMPROVEMENT_MICO_LAVA_FORTRESS',	'TOURISMSOURCE_SCIENCE',			'TECH_FLIGHT',		100				);

-----------------------------------------------------------------------------------
-- Lava castle ruins
-----------------------------------------------------------------------------------
INSERT INTO Improvements	
		(
			ImprovementType,	Name,		Description,	Icon,			Buildable,		SameAdjacentValid, 
			OnePerCity, Removable,		PlunderType
		)
VALUES	
		(
			'IMPROVEMENT_MICO_LAVA_FORTRESS_RUINS', 'LOC_IMPROVEMENT_MICO_LAVA_FORTRESS_RUINS_NAME', 'LOC_IMPROVEMENT_MICO_LAVA_FORTRESS_RUINS_DESCRIPTION', 
			'ICON_IMPROVEMENT_MICO_LAVA_FORTRESS_RUINS', 0, 1, 1, 0, 'NO_PLUNDER'
		);

INSERT INTO Improvements_XP2
		(ImprovementType,					AllowImpassableMovement,	BuildOnAdjacentPlot,	DisasterResistant)
VALUES	
		('IMPROVEMENT_MICO_LAVA_FORTRESS_RUINS',  0,							0,						1);


INSERT INTO Improvement_ValidTerrains
			(ImprovementType,											TerrainType					)
VALUES 		('IMPROVEMENT_MICO_LAVA_FORTRESS_RUINS',					'TERRAIN_DESERT'			),
			('IMPROVEMENT_MICO_LAVA_FORTRESS_RUINS',					'TERRAIN_TUNDRA'			),
			('IMPROVEMENT_MICO_LAVA_FORTRESS_RUINS',					'TERRAIN_PLAINS'			),
			('IMPROVEMENT_MICO_LAVA_FORTRESS_RUINS',					'TERRAIN_GRASS'				),
			('IMPROVEMENT_MICO_LAVA_FORTRESS_RUINS',					'TERRAIN_SNOW'				),
			('IMPROVEMENT_MICO_LAVA_FORTRESS_RUINS',					'TERRAIN_DESERT_HILLS'		),
			('IMPROVEMENT_MICO_LAVA_FORTRESS_RUINS',					'TERRAIN_TUNDRA_HILLS'		),
			('IMPROVEMENT_MICO_LAVA_FORTRESS_RUINS',					'TERRAIN_PLAINS_HILLS'		),
			('IMPROVEMENT_MICO_LAVA_FORTRESS_RUINS',					'TERRAIN_GRASS_HILLS'		),
			('IMPROVEMENT_MICO_LAVA_FORTRESS_RUINS',					'TERRAIN_SNOW_HILLS'		),
			('IMPROVEMENT_MICO_LAVA_FORTRESS_RUINS',					'TERRAIN_GRASS_MOUNTAIN'	),
			('IMPROVEMENT_MICO_LAVA_FORTRESS_RUINS',					'TERRAIN_PLAINS_MOUNTAIN'	),
			('IMPROVEMENT_MICO_LAVA_FORTRESS_RUINS',					'TERRAIN_DESERT_MOUNTAIN'	),
			('IMPROVEMENT_MICO_LAVA_FORTRESS_RUINS',					'TERRAIN_TUNDRA_MOUNTAIN'	),
			('IMPROVEMENT_MICO_LAVA_FORTRESS_RUINS',					'TERRAIN_SNOW_MOUNTAIN'		);

INSERT INTO Improvement_ValidFeatures
			(ImprovementType,									FeatureType							)
VALUES 		('IMPROVEMENT_MICO_LAVA_FORTRESS_RUINS',			'FEATURE_VOLCANO'					),
			('IMPROVEMENT_MICO_LAVA_FORTRESS_RUINS',			'FEATURE_FLOODPLAINS'				),
			('IMPROVEMENT_MICO_LAVA_FORTRESS_RUINS',			'FEATURE_FLOODPLAINS_GRASSLAND'		),
			('IMPROVEMENT_MICO_LAVA_FORTRESS_RUINS',			'FEATURE_FLOODPLAINS_PLAINS'		),
			('IMPROVEMENT_MICO_LAVA_FORTRESS_RUINS',			'FEATURE_VOLCANIC_SOIL'				);


-----------------------------------------------------------------------------------
-- Improvement flower sanctuary
-----------------------------------------------------------------------------------

INSERT INTO Improvements
		(ImprovementType,	Name,	Buildable,	Description,	PlunderType,	PlunderAmount,	Icon,	TraitType,	YieldFromAppeal,	YieldFromAppealPercent,
		Housing,	TilesRequired,		SameAdjacentValid,		Appeal,		OnePerCity,		Removable,		Capturable,		MinimumAppeal,	PrereqCivic)
VALUES	('IMPROVEMENT_MICO_FLOWER_SANCTUARY',	'LOC_IMPROVEMENT_MICO_FLOWER_SANCTUARY_NAME',	1,			'LOC_IMPROVEMENT_MICO_FLOWER_SANCTUARY_DESCRIPTION',	
		'PLUNDER_HEAL',	50,	'ICON_IMPROVEMENT_MICO_FLOWER_SANCTUARY',	'TRAIT_LEADER_IMPROVEMENT_MICO_FLOWER_SANCTUARY',		'YIELD_GOLD',	50,		0,	1,	1,	1,	0,	1,	1,	0,
		'CIVIC_CIVIL_ENGINEERING');

INSERT OR IGNORE INTO Improvement_Tourism
		(ImprovementType,						TourismSource,				ScalingFactor	)
VALUES	('IMPROVEMENT_MICO_FLOWER_SANCTUARY',	'TOURISMSOURCE_APPEAL',		100				);

INSERT OR IGNORE INTO Improvements_XP2
		(ImprovementType,						DisasterResistant	)
VALUES	('IMPROVEMENT_MICO_FLOWER_SANCTUARY',	1					);

INSERT INTO Improvement_YieldChanges
		(ImprovementType,						YieldType,				YieldChange)
VALUES	('IMPROVEMENT_MICO_FLOWER_SANCTUARY',	'YIELD_FOOD',			0),
		('IMPROVEMENT_MICO_FLOWER_SANCTUARY',	'YIELD_PRODUCTION',		0),
		('IMPROVEMENT_MICO_FLOWER_SANCTUARY',	'YIELD_SCIENCE',		0),
		('IMPROVEMENT_MICO_FLOWER_SANCTUARY',	'YIELD_CULTURE',		0),
		('IMPROVEMENT_MICO_FLOWER_SANCTUARY',	'YIELD_GOLD',			0),
		('IMPROVEMENT_MICO_FLOWER_SANCTUARY',	'YIELD_FAITH',			0);

INSERT INTO Improvement_ValidBuildUnits
		(ImprovementType,						UnitType)
VALUES	('IMPROVEMENT_MICO_FLOWER_SANCTUARY',	'UNIT_MICO_ROYAL_GARDENER');


-- Allow Flower sanctuary to act as Unimproved tiles
INSERT INTO RequirementSets
		(RequirementSetId,								RequirementSetType)
VALUES	('REQSET_MICO_PLOT_HAS_FLOWER_SANCTUARY',		'REQUIREMENTSET_TEST_ALL');

INSERT OR IGNORE INTO RequirementSetRequirements
		(RequirementSetId,							RequirementId)
VALUES	('REQSET_MICO_PLOT_HAS_FLOWER_SANCTUARY',	'REQ_MICO_PLOT_HAS_FLOWER_SANCTUARY');

INSERT INTO Requirements
		(RequirementId,									RequirementType,								Triggered)
VALUES	('REQ_MICO_PLOT_HAS_FLOWER_SANCTUARY',			'REQUIREMENT_PLOT_IMPROVEMENT_TYPE_MATCHES',	0);

INSERT INTO RequirementArguments
		(RequirementId,									Name,					Value)
VALUES	('REQ_MICO_PLOT_HAS_FLOWER_SANCTUARY',			'ImprovementType',		'IMPROVEMENT_MICO_FLOWER_SANCTUARY');


-- This bit handles sanctuaries adjacent to Preserves
INSERT INTO Modifiers
		(ModifierId,												ModifierType,											SubjectRequirementSetId)
VALUES	('MOD_MICO_SANCTUARY_FLOWER_SANCTUARY_SCIENCE_1',			'MODIFIER_SINGLE_PLOT_ADJUST_PLOT_YIELDS',				'REQSET_MICO_ADJACENT_SANCTUARY_AND_TILE_IS_CHARMING'),
		('MOD_MICO_SANCTUARY_FLOWER_SANCTUARY_GOLD_1',				'MODIFIER_SINGLE_PLOT_ADJUST_PLOT_YIELDS',				'REQSET_MICO_ADJACENT_SANCTUARY_AND_TILE_IS_CHARMING'),
		('MOD_MICO_SANCTUARY_FLOWER_SANCTUARY_SCIENCE_2',			'MODIFIER_SINGLE_PLOT_ADJUST_PLOT_YIELDS',				'REQSET_MICO_ADJACENT_SANCTUARY_AND_TILE_IS_BREATHTAKING'),
		('MOD_MICO_SANCTUARY_FLOWER_SANCTUARY_GOLD_2',				'MODIFIER_SINGLE_PLOT_ADJUST_PLOT_YIELDS',				'REQSET_MICO_ADJACENT_SANCTUARY_AND_TILE_IS_BREATHTAKING'),
		('MOD_MICO_SANCTUARY_FLOWER_SANCTUARY_PRODUCTION_2',		'MODIFIER_SINGLE_PLOT_ADJUST_PLOT_YIELDS',				'REQSET_MICO_ADJACENT_SANCTUARY_AND_TILE_IS_BREATHTAKING'),
		('MOD_MICO_FORESTRY_MANAGEMENT_FLOWER_SANCTUARY_GOLD_2',	'MODIFIER_SINGLE_PLOT_ADJUST_PLOT_YIELDS',				'REQSET_MICO_CITY_HAS_GOVERNOR_PROMOTION_MERCHANT_FORESTRY_MANAGEMENT');



INSERT INTO ModifierArguments
		(ModifierId,												Name,				Value)
VALUES	('MOD_MICO_SANCTUARY_FLOWER_SANCTUARY_SCIENCE_1',			'YieldType',	'YIELD_SCIENCE'),
		('MOD_MICO_SANCTUARY_FLOWER_SANCTUARY_SCIENCE_1',			'Amount',		1),
		('MOD_MICO_SANCTUARY_FLOWER_SANCTUARY_GOLD_1',				'YieldType',	'YIELD_GOLD'),
		('MOD_MICO_SANCTUARY_FLOWER_SANCTUARY_GOLD_1',				'Amount',		1),
		('MOD_MICO_SANCTUARY_FLOWER_SANCTUARY_SCIENCE_2',			'YieldType',	'YIELD_SCIENCE'),
		('MOD_MICO_SANCTUARY_FLOWER_SANCTUARY_SCIENCE_2',			'Amount',		1),
		('MOD_MICO_SANCTUARY_FLOWER_SANCTUARY_GOLD_2',				'YieldType',	'YIELD_GOLD'),
		('MOD_MICO_SANCTUARY_FLOWER_SANCTUARY_GOLD_2',				'Amount',		1),
		('MOD_MICO_SANCTUARY_FLOWER_SANCTUARY_PRODUCTION_2',		'YieldType',	'YIELD_PRODUCTION'),
		('MOD_MICO_SANCTUARY_FLOWER_SANCTUARY_PRODUCTION_2',		'Amount',		2),
		('MOD_MICO_FORESTRY_MANAGEMENT_FLOWER_SANCTUARY_GOLD_2',	'YieldType',	'YIELD_GOLD'),
		('MOD_MICO_FORESTRY_MANAGEMENT_FLOWER_SANCTUARY_GOLD_2',	'Amount',		2);

INSERT OR IGNORE INTO RequirementSets
		(RequirementSetId,															RequirementSetType)
VALUES	('REQSET_MICO_ADJACENT_SANCTUARY_AND_TILE_IS_CHARMING',						'REQUIREMENTSET_TEST_ALL'),
		('REQSET_MICO_ADJACENT_SANCTUARY_AND_TILE_IS_BREATHTAKING',					'REQUIREMENTSET_TEST_ALL'),
		('REQSET_MICO_CITY_HAS_GOVERNOR_PROMOTION_MERCHANT_FORESTRY_MANAGEMENT',	'REQUIREMENTSET_TEST_ALL');

INSERT OR IGNORE INTO RequirementSetRequirements	
		(RequirementSetId,															RequirementId)
VALUES	('REQSET_MICO_ADJACENT_SANCTUARY_AND_TILE_IS_CHARMING',						'REQ_MICO_CHARMING_APPEAL'),
		('REQSET_MICO_ADJACENT_SANCTUARY_AND_TILE_IS_CHARMING',						'REQ_MICO_ADJACENT_TO_SANCTUARY'),
		('REQSET_MICO_ADJACENT_SANCTUARY_AND_TILE_IS_BREATHTAKING',					'REQ_MICO_BREATHTAKING_APPEAL'),
		('REQSET_MICO_ADJACENT_SANCTUARY_AND_TILE_IS_BREATHTAKING',					'REQ_MICO_ADJACENT_TO_SANCTUARY'),
		('REQSET_MICO_CITY_HAS_GOVERNOR_PROMOTION_MERCHANT_FORESTRY_MANAGEMENT',	'REQ_MICO_CITY_HAS_GOVERNOR_PROMOTION_MERCHANT_FORESTRY_MANAGEMENT');

INSERT OR IGNORE INTO Requirements
		(RequirementId,															RequirementType)
VALUES	('REQ_MICO_CHARMING_APPEAL',											'REQUIREMENT_PLOT_IS_APPEAL_BETWEEN'),
		('REQ_MICO_BREATHTAKING_APPEAL',										'REQUIREMENT_PLOT_IS_APPEAL_BETWEEN'),
		('REQ_MICO_ADJACENT_TO_SANCTUARY',										'REQUIREMENT_PLOT_ADJACENT_BUILDING_TYPE_MATCHES'),
		('REQ_MICO_CITY_HAS_GOVERNOR_PROMOTION_MERCHANT_FORESTRY_MANAGEMENT',	'REQUIREMENT_CITY_HAS_SPECIFIC_GOVERNOR_PROMOTION_TYPE');

INSERT OR IGNORE INTO RequirementArguments
		(RequirementId,															Name,						Value)
VALUES	('REQ_MICO_CHARMING_APPEAL',											'MinimumAppeal',			2),
		('REQ_MICO_BREATHTAKING_APPEAL',										'MinimumAppeal',			4),
		('REQ_MICO_ADJACENT_TO_SANCTUARY',										'BuildingType',				'BUILDING_SANCTUARY'),
		('REQ_MICO_CITY_HAS_GOVERNOR_PROMOTION_MERCHANT_FORESTRY_MANAGEMENT',	'GovernorPromotionType',	'GOVERNOR_PROMOTION_MERCHANT_FORESTRY_MANAGEMENT'),
		('REQ_MICO_CITY_HAS_GOVERNOR_PROMOTION_MERCHANT_FORESTRY_MANAGEMENT',	'Established',				1);

INSERT INTO ImprovementModifiers
		(ImprovementType,						ModifierId)
VALUES	('IMPROVEMENT_MICO_FLOWER_SANCTUARY',	'MOD_MICO_SANCTUARY_FLOWER_SANCTUARY_SCIENCE_1'),
		('IMPROVEMENT_MICO_FLOWER_SANCTUARY',	'MOD_MICO_SANCTUARY_FLOWER_SANCTUARY_GOLD_1'),
		('IMPROVEMENT_MICO_FLOWER_SANCTUARY',	'MOD_MICO_SANCTUARY_FLOWER_SANCTUARY_SCIENCE_2'),
		('IMPROVEMENT_MICO_FLOWER_SANCTUARY',	'MOD_MICO_SANCTUARY_FLOWER_SANCTUARY_GOLD_2'),
		('IMPROVEMENT_MICO_FLOWER_SANCTUARY',	'MOD_MICO_SANCTUARY_FLOWER_SANCTUARY_PRODUCTION_2'),
		('IMPROVEMENT_MICO_FLOWER_SANCTUARY',	'MOD_MICO_FORESTRY_MANAGEMENT_FLOWER_SANCTUARY_GOLD_2');


--------------------------------------------------------------------------------------------------------------------------
-- Improvements Toad house
--------------------------------------------------------------------------------------------------------------------------
INSERT INTO Improvements	
		(
			ImprovementType,	Name,		Description,	Icon,			Buildable,		SameAdjacentValid,	TraitType,	PrereqTech, 
			Removable,		PlunderType,	PlunderAmount,	Housing,		TilesRequired
		)
VALUES	
		(
			'IMPROVEMENT_MICO_TOAD_HOUSE', 'LOC_IMPROVEMENT_MICO_TOAD_HOUSE_NAME', 'LOC_IMPROVEMENT_MICO_TOAD_HOUSE_DESCRIPTION', 
			'ICON_IMPROVEMENT_MICO_TOAD_HOUSE', 1, 0, 'TRAIT_CIVILIZATION_IMPROVEMENT_MICO_TOAD_HOUSE', 'TECH_CURRENCY', 1,
			'PLUNDER_GOLD', 50, 2, 2
		);

INSERT INTO Improvement_ValidTerrains
		(ImprovementType,				TerrainType)
VALUES	('IMPROVEMENT_MICO_TOAD_HOUSE',	'TERRAIN_DESERT'),
		('IMPROVEMENT_MICO_TOAD_HOUSE',	'TERRAIN_TUNDRA'),
		('IMPROVEMENT_MICO_TOAD_HOUSE',	'TERRAIN_PLAINS'),
		('IMPROVEMENT_MICO_TOAD_HOUSE',	'TERRAIN_GRASS'),
		('IMPROVEMENT_MICO_TOAD_HOUSE',	'TERRAIN_SNOW'),
		('IMPROVEMENT_MICO_TOAD_HOUSE',	'TERRAIN_DESERT_HILLS'),
		('IMPROVEMENT_MICO_TOAD_HOUSE',	'TERRAIN_TUNDRA_HILLS'),
		('IMPROVEMENT_MICO_TOAD_HOUSE',	'TERRAIN_PLAINS_HILLS'),
		('IMPROVEMENT_MICO_TOAD_HOUSE',	'TERRAIN_GRASS_HILLS'),
		('IMPROVEMENT_MICO_TOAD_HOUSE',	'TERRAIN_SNOW_HILLS');

INSERT INTO Improvement_ValidFeatures
			(ImprovementType,						FeatureType							)
VALUES 		('IMPROVEMENT_MICO_TOAD_HOUSE',			'FEATURE_FLOODPLAINS'				),
			('IMPROVEMENT_MICO_TOAD_HOUSE',			'FEATURE_FLOODPLAINS_GRASSLAND'		),
			('IMPROVEMENT_MICO_TOAD_HOUSE',			'FEATURE_FLOODPLAINS_PLAINS'		),
			('IMPROVEMENT_MICO_TOAD_HOUSE',			'FEATURE_VOLCANIC_SOIL'				);
				
INSERT INTO Improvement_ValidBuildUnits
		(ImprovementType,			UnitType)
VALUES	('IMPROVEMENT_MICO_TOAD_HOUSE', 'UNIT_BUILDER');

INSERT INTO Improvement_YieldChanges
		(ImprovementType,				YieldType,			YieldChange)
VALUES	('IMPROVEMENT_MICO_TOAD_HOUSE',	'YIELD_GOLD',		1),
		('IMPROVEMENT_MICO_TOAD_HOUSE',	'YIELD_FOOD',		0),
		('IMPROVEMENT_MICO_TOAD_HOUSE',	'YIELD_PRODUCTION',	0);

INSERT INTO Improvement_BonusYieldChanges
		(Id,		ImprovementType,				YieldType,		BonusYieldChange,	PrereqTech)
VALUES	('12727',	'IMPROVEMENT_MICO_TOAD_HOUSE',	'YIELD_GOLD',   1,					'TECH_BANKING'),
		('12728',	'IMPROVEMENT_MICO_TOAD_HOUSE',	'YIELD_GOLD',   1,					'TECH_ECONOMICS');

INSERT INTO Adjacency_YieldChanges
		(ID,									Description,		YieldType,			YieldChange,		TilesRequired,		OtherDistrictAdjacent,	PrereqTech,			AdjacentImprovement	)
VALUES	('MICO_TOAD_HOUSE_DistrictAdjacency',	'Placeholder',		'YIELD_GOLD',		1,					1,					1,						null,				null				),
		('MICO_TOAD_HOUSE_CampAdjacency',		'Placeholder',		'YIELD_FOOD',		2,					1,					0,						null,				'IMPROVEMENT_CAMP'	),
		('MICO_TOAD_HOUSE_QuarryAdjacency',		'Placeholder',		'YIELD_PRODUCTION',	2,					1,					0,						null,				'IMPROVEMENT_QUARRY');

INSERT INTO Improvement_Adjacencies
		(ImprovementType,				YieldChangeId)
VALUES	('IMPROVEMENT_MICO_TOAD_HOUSE',	'MICO_TOAD_HOUSE_DistrictAdjacency'),
		('IMPROVEMENT_MICO_TOAD_HOUSE',	'MICO_TOAD_HOUSE_CampAdjacency'),
		('IMPROVEMENT_MICO_TOAD_HOUSE',	'MICO_TOAD_HOUSE_QuarryAdjacency');
		
INSERT INTO Modifiers
		(ModifierId,							ModifierType,										SubjectRequirementSetId)
VALUES	('MOD_MICO_TOAD_HOUSE_HEAL',			'MODIFIER_PLAYER_UNITS_ADJUST_HEAL_PER_TURN',		'REQSET_MICO_CITY_HAS_TOAD_HOUSE_ON_UNIT_PLOT_REQUIREMENTS');

INSERT INTO ModifierArguments
		(ModifierId,							Name,		Value	)
VALUES	('MOD_MICO_TOAD_HOUSE_HEAL',			'Amount',	30		),
		('MOD_MICO_TOAD_HOUSE_HEAL',			'Type',		'ALL'	);

INSERT INTO ImprovementModifiers
		(ImprovementType,				ModifierId)
VALUES	('IMPROVEMENT_MICO_TOAD_HOUSE',	'MOD_MICO_TOAD_HOUSE_BANKING'),
		('IMPROVEMENT_MICO_TOAD_HOUSE',	'MOD_MICO_TOAD_HOUSE_ECONOMICS');

INSERT INTO TraitModifiers
		(TraitType,											ModifierId)
VALUES	('TRAIT_CIVILIZATION_IMPROVEMENT_MICO_TOAD_HOUSE',	'MOD_MICO_TOAD_HOUSE_HEAL');

INSERT INTO RequirementSets
		(RequirementSetId,												RequirementSetType)
VALUES	('REQSET_MICO_CITY_HAS_TOAD_HOUSE_ON_UNIT_PLOT_REQUIREMENTS',	'REQUIREMENTSET_TEST_ALL');

INSERT INTO RequirementSetRequirements
		(RequirementSetId,												RequirementId)
VALUES	('REQSET_MICO_CITY_HAS_TOAD_HOUSE_ON_UNIT_PLOT_REQUIREMENTS',	'REQ_MICO_PLOT_UNIT_CITY_HAS_TOAD_HOUSE');

INSERT INTO Requirements
		(RequirementId,								RequirementType)
VALUES	('REQ_MICO_PLOT_UNIT_CITY_HAS_TOAD_HOUSE',	'REQUIREMENT_PLOT_IMPROVEMENT_TYPE_MATCHES');

INSERT INTO RequirementArguments
		(RequirementId,								Name,				Value)
VALUES	('REQ_MICO_PLOT_UNIT_CITY_HAS_TOAD_HOUSE',	'ImprovementType',	'IMPROVEMENT_MICO_TOAD_HOUSE');



-- Classical ranged unit Policy fix for the airship

INSERT OR IGNORE INTO PolicyModifiers
		(PolicyType,													ModifierId)
VALUES	('POLICY_FEUDAL_CONTRACT',										'AGOGE_CLASSICAL_RANGED_PRODUCTION'),
		('POLICY_GRANDE_ARMEE',											'AGOGE_CLASSICAL_RANGED_PRODUCTION'),
		('POLICY_MILITARY_FIRST',										'AGOGE_CLASSICAL_RANGED_PRODUCTION');
