
INSERT INTO	Types
		(Type,																	Kind					)
VALUES	('TRAIT_LEADER_MICO_POLITICAL_KIDNAPPER',								'KIND_TRAIT'			),
		('TRAIT_LEADER_MICO_MYSTICAL_PAINTINGS',								'KIND_TRAIT'			),
		('TRAIT_LEADER_MICO_FUN_LOVING',										'KIND_TRAIT'			),
		('MODIFIER_MICO_CITY_DISTRICTS_ADJUST_CITY_APPEAL',						'KIND_MODIFIER'			),
		('MODIFIER_MICO_CITY_DISTRICTS_ADJUST_CITY_AMENITIES_FROM_GOVERNORS',	'KIND_MODIFIER'			),
		('MODIFIER_MICO_CITY_DISTRICTS_ADJUST_YIELD_BASED_ON_ADJACENCY_BONUS',	'KIND_MODIFIER'			),
		('MODIFIER_MICO_ADJUST_CITY_YIELD_MODIFIER_PER_GOVERNOR_TITLE',			'KIND_MODIFIER'			),
		('MODIFIER_MICO_SINGLE_CITY_GRANT_PROMOTION_FOR_TRAINED_UNITS',			'KIND_MODIFIER'			),
		('GREAT_PERSON_CLASS_ARTIST_MICO_COPY',									'KIND_GREAT_PERSON_CLASS'),
		('GOVERNOR_MICO_LARRY',													'KIND_GOVERNOR'),--Gimmicks
		('GOVERNOR_MICO_MORTON',												'KIND_GOVERNOR'),--Military
		('GOVERNOR_MICO_WENDY',													'KIND_GOVERNOR'),--Gold
		('GOVERNOR_MICO_IGGY',													'KIND_GOVERNOR'),--Production
		('GOVERNOR_MICO_ROY',													'KIND_GOVERNOR'),--Culture
		('GOVERNOR_MICO_LEMMY',													'KIND_GOVERNOR'),--Amenity
		('GOVERNOR_MICO_LUDWIG',												'KIND_GOVERNOR'),--Science

		('GOVERNOR_PROMOTION_MICO_LARRY1',										'KIND_GOVERNOR_PROMOTION'),
		('GOVERNOR_PROMOTION_MICO_LARRY2',										'KIND_GOVERNOR_PROMOTION'),
		('GOVERNOR_PROMOTION_MICO_LARRY3',										'KIND_GOVERNOR_PROMOTION'),
		('GOVERNOR_PROMOTION_MICO_LARRY4',										'KIND_GOVERNOR_PROMOTION'),
		('GOVERNOR_PROMOTION_MICO_LARRY5',										'KIND_GOVERNOR_PROMOTION'),
		('GOVERNOR_PROMOTION_MICO_LARRY6',										'KIND_GOVERNOR_PROMOTION'),
		
		('GOVERNOR_PROMOTION_MICO_MORTON1',										'KIND_GOVERNOR_PROMOTION'),
		('GOVERNOR_PROMOTION_MICO_MORTON2',										'KIND_GOVERNOR_PROMOTION'),
		('GOVERNOR_PROMOTION_MICO_MORTON3',										'KIND_GOVERNOR_PROMOTION'),
		('GOVERNOR_PROMOTION_MICO_MORTON4',										'KIND_GOVERNOR_PROMOTION'),
		('GOVERNOR_PROMOTION_MICO_MORTON5',										'KIND_GOVERNOR_PROMOTION'),
		('GOVERNOR_PROMOTION_MICO_MORTON6',										'KIND_GOVERNOR_PROMOTION'),
		
		('GOVERNOR_PROMOTION_MICO_WENDY1',										'KIND_GOVERNOR_PROMOTION'),
		('GOVERNOR_PROMOTION_MICO_WENDY2',										'KIND_GOVERNOR_PROMOTION'),
		('GOVERNOR_PROMOTION_MICO_WENDY3',										'KIND_GOVERNOR_PROMOTION'),
		('GOVERNOR_PROMOTION_MICO_WENDY4',										'KIND_GOVERNOR_PROMOTION'),
		('GOVERNOR_PROMOTION_MICO_WENDY5',										'KIND_GOVERNOR_PROMOTION'),
		('GOVERNOR_PROMOTION_MICO_WENDY6',										'KIND_GOVERNOR_PROMOTION'),
		
		('GOVERNOR_PROMOTION_MICO_IGGY1',										'KIND_GOVERNOR_PROMOTION'),
		('GOVERNOR_PROMOTION_MICO_IGGY2',										'KIND_GOVERNOR_PROMOTION'),
		('GOVERNOR_PROMOTION_MICO_IGGY3',										'KIND_GOVERNOR_PROMOTION'),
		('GOVERNOR_PROMOTION_MICO_IGGY4',										'KIND_GOVERNOR_PROMOTION'),
		('GOVERNOR_PROMOTION_MICO_IGGY5',										'KIND_GOVERNOR_PROMOTION'),
		('GOVERNOR_PROMOTION_MICO_IGGY6',										'KIND_GOVERNOR_PROMOTION'),
		
		('GOVERNOR_PROMOTION_MICO_ROY1',										'KIND_GOVERNOR_PROMOTION'),
		('GOVERNOR_PROMOTION_MICO_ROY2',										'KIND_GOVERNOR_PROMOTION'),
		('GOVERNOR_PROMOTION_MICO_ROY3',										'KIND_GOVERNOR_PROMOTION'),
		('GOVERNOR_PROMOTION_MICO_ROY4',										'KIND_GOVERNOR_PROMOTION'),
		('GOVERNOR_PROMOTION_MICO_ROY5',										'KIND_GOVERNOR_PROMOTION'),
		('GOVERNOR_PROMOTION_MICO_ROY6',										'KIND_GOVERNOR_PROMOTION'),
		
		('GOVERNOR_PROMOTION_MICO_LEMMY1',										'KIND_GOVERNOR_PROMOTION'),
		('GOVERNOR_PROMOTION_MICO_LEMMY2',										'KIND_GOVERNOR_PROMOTION'),
		('GOVERNOR_PROMOTION_MICO_LEMMY3',										'KIND_GOVERNOR_PROMOTION'),
		('GOVERNOR_PROMOTION_MICO_LEMMY4',										'KIND_GOVERNOR_PROMOTION'),
		('GOVERNOR_PROMOTION_MICO_LEMMY5',										'KIND_GOVERNOR_PROMOTION'),
		('GOVERNOR_PROMOTION_MICO_LEMMY6',										'KIND_GOVERNOR_PROMOTION'),
		
		('GOVERNOR_PROMOTION_MICO_LUDWIG1',										'KIND_GOVERNOR_PROMOTION'),
		('GOVERNOR_PROMOTION_MICO_LUDWIG2',										'KIND_GOVERNOR_PROMOTION'),
		('GOVERNOR_PROMOTION_MICO_LUDWIG3',										'KIND_GOVERNOR_PROMOTION'),
		('GOVERNOR_PROMOTION_MICO_LUDWIG4',										'KIND_GOVERNOR_PROMOTION'),
		('GOVERNOR_PROMOTION_MICO_LUDWIG5',										'KIND_GOVERNOR_PROMOTION'),
		('GOVERNOR_PROMOTION_MICO_LUDWIG6',										'KIND_GOVERNOR_PROMOTION'),
		
		('ABILITY_MICO_NO_QA_STRENGTH_PENALTY',									'KIND_ABILITY'),
		('ABILITY_MICO_SCORCHING_DESERT_DAMAGE_PENALTY',						'KIND_ABILITY'),
		('ABILITY_MICO_FREEZING_TUNDRA_MOVE_PENALTY',							'KIND_ABILITY'),
		('IMPROVEMENT_MICO_FIRE_STARTER',										'KIND_IMPROVEMENT'				);

		

INSERT INTO TypeTags
		(Type,												Tag									)
VALUES	('ABILITY_MICO_NO_QA_STRENGTH_PENALTY',				'CLASS_ALL_COMBAT_UNITS'			),
		('ABILITY_MICO_SCORCHING_DESERT_DAMAGE_PENALTY',	'CLASS_ALL_COMBAT_UNITS'			),
		('ABILITY_MICO_FREEZING_TUNDRA_MOVE_PENALTY',		'CLASS_ALL_COMBAT_UNITS'			);
		


INSERT INTO	Traits
		(TraitType,									Name,												Description												)
VALUES	('TRAIT_LEADER_MICO_POLITICAL_KIDNAPPER',	'LOC_TRAIT_LEADER_MICO_POLITICAL_KIDNAPPER_NAME',	'LOC_TRAIT_LEADER_MICO_POLITICAL_KIDNAPPER_DESCRIPTION'	),
		('TRAIT_LEADER_MICO_MYSTICAL_PAINTINGS',	'LOC_TRAIT_LEADER_MICO_MYSTICAL_PAINTINGS_NAME',	'LOC_TRAIT_LEADER_MICO_MYSTICAL_PAINTINGS_DESCRIPTION'	),
		('TRAIT_LEADER_MICO_FUN_LOVING',			'LOC_TRAIT_LEADER_MICO_FUN_LOVING_NAME',			'LOC_TRAIT_LEADER_MICO_FUN_LOVING_DESCRIPTION'	);
		


INSERT INTO	LeaderTraits
		(LeaderType,					TraitType								)
VALUES	('LEADER_MICO_BOWSER',			'TRAIT_LEADER_MICO_POLITICAL_KIDNAPPER'	),
		('LEADER_MICO_BOWSER',			'TRAIT_LEADER_EXPANSIONIST'				),
		('LEADER_MICO_BOWSER',			'TRAIT_LEADER_AGGRESSIVE_MILITARY'		),
		('LEADER_MICO_PEACH',			'TRAIT_LEADER_MICO_MYSTICAL_PAINTINGS'	),
		('LEADER_MICO_PEACH',			'TRAIT_LEADER_CULTURAL_MAJOR_CIV'	),
		('LEADER_MICO_PEACH',			'TRAIT_LEADER_LOW_CITY_STATE_PREFERENCE_WAR'),
		('LEADER_MICO_DAISY',			'TRAIT_LEADER_MICO_FUN_LOVING'	),
		('LEADER_MICO_DAISY',			'TRAIT_LEADER_CULTURAL_MAJOR_CIV'	);



INSERT INTO TraitModifiers 
		(TraitType,									ModifierId													)
VALUES	('TRAIT_LEADER_MICO_POLITICAL_KIDNAPPER',	'MODIFIER_MICO_FREE_GOVERNOR_FIRST_CITY'					),
		('TRAIT_LEADER_MICO_FUN_LOVING',			'MODIFIER_MICO_EXTRA_DISTRICT_AMENITY_ON_GOLDEN_AGE'		),
		('TRAIT_LEADER_MICO_FUN_LOVING',			'MODIFIER_MICO_MINOR_APPEAL_FROM_AMENITY_ATTACH'			),
		('TRAIT_LEADER_MICO_FUN_LOVING',			'MODIFIER_MICO_MAJOR_APPEAL_FROM_AMENITY_ATTACH'			);



INSERT INTO Modifiers
		(ModifierId,												ModifierType,															OwnerRequirementSetId,			SubjectRequirementSetId)
VALUES	('MODIFIER_MICO_EXTRA_DISTRICT_AMENITY_ON_GOLDEN_AGE',		'MODIFIER_PLAYER_DISTRICTS_ADJUST_EXTRA_ENTERTAINMENT',					'PLAYER_HAS_GOLDEN_AGE',		'REQUIREMENTSET_MICO_SPECIALTY_DISTRICT'),
		('MODIFIER_MICO_MINOR_APPEAL_FROM_AMENITY_ATTACH',			'MODIFIER_PLAYER_CITIES_ATTACH_MODIFIER',								null,							null),
		('MODIFIER_MICO_MINOR_APPEAL_FROM_AMENITY',					'MODIFIER_MICO_CITY_DISTRICTS_ADJUST_CITY_APPEAL',						null,							'REQUIREMENTSET_MICO_CITY_HAS_HAPPY_PROPERTY'),
		('MODIFIER_MICO_MAJOR_APPEAL_FROM_AMENITY_ATTACH',			'MODIFIER_PLAYER_CITIES_ATTACH_MODIFIER',								null,							null),
		('MODIFIER_MICO_MAJOR_APPEAL_FROM_AMENITY',					'MODIFIER_MICO_CITY_DISTRICTS_ADJUST_CITY_APPEAL',						null,							'REQUIREMENTSET_MICO_CITY_HAS_ECSTATIC_PROPERTY'),
		('MODIFIER_MICO_SCHADENFREUDE_1',							'MODIFIER_MICO_CITY_DISTRICTS_ADJUST_CITY_AMENITIES_FROM_GOVERNORS',	null,							'REQUIREMENTSET_MICO_PLOT_10_CITY_HAS_UNHAPPY_PROPERTY_1'),
		('MODIFIER_MICO_SCHADENFREUDE_2',							'MODIFIER_MICO_CITY_DISTRICTS_ADJUST_CITY_AMENITIES_FROM_GOVERNORS',	null,							'REQUIREMENTSET_MICO_PLOT_10_CITY_HAS_UNHAPPY_PROPERTY_2'),
		('MODIFIER_MICO_SCHADENFREUDE_3',							'MODIFIER_MICO_CITY_DISTRICTS_ADJUST_CITY_AMENITIES_FROM_GOVERNORS',	null,							'REQUIREMENTSET_MICO_PLOT_10_CITY_HAS_UNHAPPY_PROPERTY_3'),
		('MODIFIER_MICO_SCHADENFREUDE_4',							'MODIFIER_MICO_CITY_DISTRICTS_ADJUST_CITY_AMENITIES_FROM_GOVERNORS',	null,							'REQUIREMENTSET_MICO_PLOT_10_CITY_HAS_UNHAPPY_PROPERTY_4'),
		('MODIFIER_MICO_SCHADENFREUDE_5',							'MODIFIER_MICO_CITY_DISTRICTS_ADJUST_CITY_AMENITIES_FROM_GOVERNORS',	null,							'REQUIREMENTSET_MICO_PLOT_10_CITY_HAS_UNHAPPY_PROPERTY_5'),
		('MODIFIER_MICO_SCHADENFREUDE_6',							'MODIFIER_MICO_CITY_DISTRICTS_ADJUST_CITY_AMENITIES_FROM_GOVERNORS',	null,							'REQUIREMENTSET_MICO_PLOT_10_CITY_HAS_UNHAPPY_PROPERTY_6');


-------------------------------------
-- DynamicModifiers
-------------------------------------
INSERT INTO DynamicModifiers
		(ModifierType,															CollectionType,							EffectType)
VALUES	('MODIFIER_MICO_CITY_DISTRICTS_ADJUST_CITY_APPEAL',						'COLLECTION_CITY_DISTRICTS',			'EFFECT_ADJUST_CITY_APPEAL'),
		('MODIFIER_MICO_CITY_DISTRICTS_ADJUST_CITY_AMENITIES_FROM_GOVERNORS',	'COLLECTION_CITY_DISTRICTS',			'EFFECT_ADJUST_CITY_AMENITIES_FROM_GOVERNORS'),
		('MODIFIER_MICO_CITY_DISTRICTS_ADJUST_YIELD_BASED_ON_ADJACENCY_BONUS',	'COLLECTION_CITY_DISTRICTS',			'EFFECT_ADJUST_DISTRICT_YIELD_BASED_ON_ADJACENCY_BONUS'),
		('MODIFIER_MICO_ADJUST_CITY_YIELD_MODIFIER_PER_GOVERNOR_TITLE',			'COLLECTION_OWNER',						'EFFECT_ADJUST_CITY_YIELD_MODIFIER_PER_GOVERNOR_TITLE'),
		('MODIFIER_MICO_SINGLE_CITY_GRANT_PROMOTION_FOR_TRAINED_UNITS',			'COLLECTION_CITY_TRAINED_UNITS',		'EFFECT_GRANT_PROMOTION');



-----------------------------------------------
-- ModifierArguments

-- This final section stitches the last pieces together. It instructs the game which AbilityType to grant as part of the TRAIT_GRANT_SETTLERS_BUILDERS_ALTITUDE_TRAINING Modifier.

-- In our case, this is the new ability we defined earlier.

-- So, as a brief recap:

-- The LeaderType receives a TraitType
-- The TraitType has a Modifier attached to it, which does 'something'
-- That 'something' is the granting of our custom unit ability
-- The unit ability is restricted only to the custom unit class we created - which contains only Builders and Settlers
-- The applied unit ability has a (different) Modifier attached to it, which changes the way those units (individually) behave
-----------------------------------------------

INSERT INTO ModifierArguments 
		(ModifierId,												Name,				Value												)
VALUES	('MODIFIER_MICO_EXTRA_DISTRICT_AMENITY_ON_GOLDEN_AGE',		'Amount',			1													),
		('MODIFIER_MICO_MINOR_APPEAL_FROM_AMENITY_ATTACH',			'ModifierId',		'MODIFIER_MICO_MINOR_APPEAL_FROM_AMENITY'			),
		('MODIFIER_MICO_MAJOR_APPEAL_FROM_AMENITY_ATTACH',			'ModifierId',		'MODIFIER_MICO_MAJOR_APPEAL_FROM_AMENITY'			),
		('MODIFIER_MICO_MINOR_APPEAL_FROM_AMENITY',					'Amount',			1													),
		('MODIFIER_MICO_MAJOR_APPEAL_FROM_AMENITY',					'Amount',			1													),
		('MODIFIER_MICO_SCHADENFREUDE_1',							'Amount',			1													),
		('MODIFIER_MICO_SCHADENFREUDE_2',							'Amount',			1													),
		('MODIFIER_MICO_SCHADENFREUDE_3',							'Amount',			1													),
		('MODIFIER_MICO_SCHADENFREUDE_4',							'Amount',			1													),
		('MODIFIER_MICO_SCHADENFREUDE_5',							'Amount',			1													),
		('MODIFIER_MICO_SCHADENFREUDE_6',							'Amount',			1													);


-- REQUIREMENTS

INSERT INTO RequirementSets
		(RequirementSetId,														RequirementSetType								)
VALUES	('REQUIREMENTSET_MICO_SPECIALTY_DISTRICT',								'REQUIREMENTSET_TEST_ANY'						),
		('REQUIREMENTSET_MICO_CITY_HAS_HAPPY_PROPERTY',							'REQUIREMENTSET_TEST_ALL'						),
		('REQUIREMENTSET_MICO_CITY_HAS_ECSTATIC_PROPERTY',						'REQUIREMENTSET_TEST_ALL'						),
		('REQUIREMENTSET_MICO_PLOT_10_CITY_HAS_UNHAPPY_PROPERTY_1',				'REQUIREMENTSET_TEST_ALL'						),
		('REQUIREMENTSET_MICO_PLOT_10_CITY_HAS_UNHAPPY_PROPERTY_2',				'REQUIREMENTSET_TEST_ALL'						),
		('REQUIREMENTSET_MICO_PLOT_10_CITY_HAS_UNHAPPY_PROPERTY_3',				'REQUIREMENTSET_TEST_ALL'						),
		('REQUIREMENTSET_MICO_PLOT_10_CITY_HAS_UNHAPPY_PROPERTY_4',				'REQUIREMENTSET_TEST_ALL'						),
		('REQUIREMENTSET_MICO_PLOT_10_CITY_HAS_UNHAPPY_PROPERTY_5',				'REQUIREMENTSET_TEST_ALL'						),
		('REQUIREMENTSET_MICO_PLOT_10_CITY_HAS_UNHAPPY_PROPERTY_6',				'REQUIREMENTSET_TEST_ALL'						);


INSERT INTO RequirementSetRequirements
		(RequirementSetId,														RequirementId										)
VALUES	('REQUIREMENTSET_MICO_SPECIALTY_DISTRICT',								'REQUIRES_DISTRICT_IS_ENTERTAINMENT_COMPLEX'		),
		('REQUIREMENTSET_MICO_SPECIALTY_DISTRICT',								'REQUIRES_DISTRICT_IS_THEATER'						),
		('REQUIREMENTSET_MICO_SPECIALTY_DISTRICT',								'REQUIRES_DISTRICT_IS_WATER_ENTERTAINMENT_COMPLEX'	),
		('REQUIREMENTSET_MICO_SPECIALTY_DISTRICT',								'REQUIRES_MICO_DISTRICT_IS_PRESERVE'				),
		('REQUIREMENTSET_MICO_CITY_HAS_HAPPY_PROPERTY',							'REQUIRES_MICO_PLOT_IS_CITY_CENTER'					),
		('REQUIREMENTSET_MICO_CITY_HAS_HAPPY_PROPERTY',							'REQUIRES_MICO_HAS_HAPPY_PROPERTY'					),
		('REQUIREMENTSET_MICO_CITY_HAS_ECSTATIC_PROPERTY',						'REQUIRES_MICO_PLOT_IS_CITY_CENTER'					),
		('REQUIREMENTSET_MICO_CITY_HAS_ECSTATIC_PROPERTY',						'REQUIRES_MICO_HAS_ECSTATIC_PROPERTY'				),
		('REQUIREMENTSET_MICO_PLOT_10_CITY_HAS_UNHAPPY_PROPERTY_1',				'REQUIRES_MICO_PLOT_IS_CITY_CENTER'					),
		('REQUIREMENTSET_MICO_PLOT_10_CITY_HAS_UNHAPPY_PROPERTY_1',				'REQUIRES_MICO_HAS_UNHAPPY_PROPERTY_1'				),
		('REQUIREMENTSET_MICO_PLOT_10_CITY_HAS_UNHAPPY_PROPERTY_2',				'REQUIRES_MICO_PLOT_IS_CITY_CENTER'					),
		('REQUIREMENTSET_MICO_PLOT_10_CITY_HAS_UNHAPPY_PROPERTY_2',				'REQUIRES_MICO_HAS_UNHAPPY_PROPERTY_2'				),
		('REQUIREMENTSET_MICO_PLOT_10_CITY_HAS_UNHAPPY_PROPERTY_3',				'REQUIRES_MICO_PLOT_IS_CITY_CENTER'					),
		('REQUIREMENTSET_MICO_PLOT_10_CITY_HAS_UNHAPPY_PROPERTY_3',				'REQUIRES_MICO_HAS_UNHAPPY_PROPERTY_3'				),
		('REQUIREMENTSET_MICO_PLOT_10_CITY_HAS_UNHAPPY_PROPERTY_4',				'REQUIRES_MICO_PLOT_IS_CITY_CENTER'					),
		('REQUIREMENTSET_MICO_PLOT_10_CITY_HAS_UNHAPPY_PROPERTY_4',				'REQUIRES_MICO_HAS_UNHAPPY_PROPERTY_4'				),
		('REQUIREMENTSET_MICO_PLOT_10_CITY_HAS_UNHAPPY_PROPERTY_5',				'REQUIRES_MICO_PLOT_IS_CITY_CENTER'					),
		('REQUIREMENTSET_MICO_PLOT_10_CITY_HAS_UNHAPPY_PROPERTY_5',				'REQUIRES_MICO_HAS_UNHAPPY_PROPERTY_5'				),
		('REQUIREMENTSET_MICO_PLOT_10_CITY_HAS_UNHAPPY_PROPERTY_6',				'REQUIRES_MICO_PLOT_IS_CITY_CENTER'					),
		('REQUIREMENTSET_MICO_PLOT_10_CITY_HAS_UNHAPPY_PROPERTY_6',				'REQUIRES_MICO_HAS_UNHAPPY_PROPERTY_6'				);

		
INSERT INTO Requirements
		(RequirementId, 														RequirementType									)
VALUES	('REQUIRES_MICO_DISTRICT_IS_PRESERVE',									'REQUIREMENT_DISTRICT_TYPE_MATCHES'				),
		('REQUIRES_MICO_HAS_HAPPY_PROPERTY',									'REQUIREMENT_PLOT_PROPERTY_MATCHES'				),
		('REQUIRES_MICO_HAS_ECSTATIC_PROPERTY',									'REQUIREMENT_PLOT_PROPERTY_MATCHES'				),
		('REQUIRES_MICO_HAS_UNHAPPY_PROPERTY_1',								'REQUIREMENT_PLOT_PROPERTY_MATCHES'				),
		('REQUIRES_MICO_HAS_UNHAPPY_PROPERTY_2',								'REQUIREMENT_PLOT_PROPERTY_MATCHES'				),
		('REQUIRES_MICO_HAS_UNHAPPY_PROPERTY_3',								'REQUIREMENT_PLOT_PROPERTY_MATCHES'				),
		('REQUIRES_MICO_HAS_UNHAPPY_PROPERTY_4',								'REQUIREMENT_PLOT_PROPERTY_MATCHES'				),
		('REQUIRES_MICO_HAS_UNHAPPY_PROPERTY_5',								'REQUIREMENT_PLOT_PROPERTY_MATCHES'				),
		('REQUIRES_MICO_HAS_UNHAPPY_PROPERTY_6',								'REQUIREMENT_PLOT_PROPERTY_MATCHES'				),
		('REQUIRES_MICO_PLOT_IS_CITY_CENTER',									'REQUIREMENT_PLOT_DISTRICT_TYPE_MATCHES'		);

INSERT INTO RequirementArguments
		(RequirementId, 										Name,						Value										)
VALUES	('REQUIRES_MICO_DISTRICT_IS_PRESERVE', 					'DistrictType',				'DISTRICT_PRESERVE'							),
		('REQUIRES_MICO_HAS_HAPPY_PROPERTY', 					'PropertyName',				'PROPERTY_MICO_HAPPINESS_APPEAL_BONUS'		),
		('REQUIRES_MICO_HAS_HAPPY_PROPERTY', 					'PropertyMinimum',			1											),
		('REQUIRES_MICO_HAS_ECSTATIC_PROPERTY', 				'PropertyName',				'PROPERTY_MICO_HAPPINESS_APPEAL_BONUS'		),
		('REQUIRES_MICO_HAS_ECSTATIC_PROPERTY', 				'PropertyMinimum',			2											),
		('REQUIRES_MICO_HAS_UNHAPPY_PROPERTY_1', 				'PropertyName',				'PROPERTY_MICO_UNHAPPY_CITY'				),
		('REQUIRES_MICO_HAS_UNHAPPY_PROPERTY_1', 				'PropertyMinimum',			1											),
		('REQUIRES_MICO_HAS_UNHAPPY_PROPERTY_2', 				'PropertyName',				'PROPERTY_MICO_UNHAPPY_CITY'				),
		('REQUIRES_MICO_HAS_UNHAPPY_PROPERTY_2', 				'PropertyMinimum',			2											),
		('REQUIRES_MICO_HAS_UNHAPPY_PROPERTY_3', 				'PropertyName',				'PROPERTY_MICO_UNHAPPY_CITY'				),
		('REQUIRES_MICO_HAS_UNHAPPY_PROPERTY_3', 				'PropertyMinimum',			3											),
		('REQUIRES_MICO_HAS_UNHAPPY_PROPERTY_4', 				'PropertyName',				'PROPERTY_MICO_UNHAPPY_CITY'				),
		('REQUIRES_MICO_HAS_UNHAPPY_PROPERTY_4', 				'PropertyMinimum',			4											),
		('REQUIRES_MICO_HAS_UNHAPPY_PROPERTY_5', 				'PropertyName',				'PROPERTY_MICO_UNHAPPY_CITY'				),
		('REQUIRES_MICO_HAS_UNHAPPY_PROPERTY_5', 				'PropertyMinimum',			5											),
		('REQUIRES_MICO_HAS_UNHAPPY_PROPERTY_6', 				'PropertyName',				'PROPERTY_MICO_UNHAPPY_CITY'				),
		('REQUIRES_MICO_HAS_UNHAPPY_PROPERTY_6', 				'PropertyMinimum',			6											),
		('REQUIRES_MICO_PLOT_IS_CITY_CENTER',					'DistrictType',				'DISTRICT_CITY_CENTER'						);






----------------------------------------------------
-- DOUBLE LANDSCAPES PAINTINGS ABILITY
----------------------------------------------------

CREATE TABLE IF NOT EXISTS Mico_Duplicate_GreatPersonIndividuals (
	GreatPersonIndividualType   TEXT   NOT NULL,
    GreatPersonDuplicateType    TEXT   NOT NULL,
    PRIMARY KEY (GreatPersonIndividualType)
);

CREATE TABLE IF NOT EXISTS Mico_Duplicate_GreatWorks (
	GreatWorkType   TEXT   NOT NULL,
    GreatWorkDuplicateType    TEXT   NOT NULL,
    PRIMARY KEY (GreatWorkType)
);

-- new GreatPersonClasses GREAT_PERSON_CLASS_ARTIST_MICO_COPY

INSERT OR REPLACE INTO GreatPersonClasses
		(GreatPersonClassType,						Name,												UnitType,		
		DistrictType,				MaxPlayerInstances,		PseudoYieldType,						IconString,				ActionIcon,		
		AvailableInTimeline,	GenerateDuplicateIndividuals)
VALUES	('GREAT_PERSON_CLASS_ARTIST_MICO_COPY',	'LOC_GREAT_PERSON_CLASS_ARTIST_NAME',	'UNIT_GREAT_ARTIST', 
		'DISTRICT_THEATER',		null,					'PSEUDOYIELD_GPP_ARTIST',				'[ICON_GreatArtist]',	'ICON_UNITOPERATION_ARTIST_ACTION', 
		0,						0);


----------------------------------------------------
-- Bowser custom governors
----------------------------------------------------

INSERT OR REPLACE INTO Governors 
		(GovernorType,			Image,					Name,							Title,								ShortTitle,	
		Description,							IdentityPressure,	TransitionStrength,	AssignCityState,	PortraitImage,				
		PortraitImageSelected,			TraitType) 
VALUES	('GOVERNOR_MICO_LARRY', 'GOVERNOR_MICO_LARRY', 'LOC_GOVERNOR_MICO_LARRY_NAME',	'LOC_GOVERNOR_MICO_LARRY_TITLE',	'LOC_GOVERNOR_MICO_LARRY_SHORT_TITLE', 
		'LOC_GOVERNOR_MICO_LARRY_DESCRIPTION',	8,					100,				0,					'GovernorNormal_MicoLarry',	
		'GovernorSelected_MicoLarry',	'TRAIT_LEADER_MICO_POLITICAL_KIDNAPPER'),
		('GOVERNOR_MICO_MORTON', 'GOVERNOR_MICO_MORTON', 'LOC_GOVERNOR_MICO_MORTON_NAME',	'LOC_GOVERNOR_MICO_MORTON_TITLE',	'LOC_GOVERNOR_MICO_MORTON_SHORT_TITLE', 
		'LOC_GOVERNOR_MICO_MORTON_DESCRIPTION',	10,					100,				0,					'GovernorNormal_MicoMorton',	
		'GovernorSelected_MicoMorton',	'TRAIT_LEADER_MICO_POLITICAL_KIDNAPPER'),
		('GOVERNOR_MICO_WENDY', 'GOVERNOR_MICO_WENDY', 'LOC_GOVERNOR_MICO_WENDY_NAME',	'LOC_GOVERNOR_MICO_WENDY_TITLE',	'LOC_GOVERNOR_MICO_WENDY_SHORT_TITLE', 
		'LOC_GOVERNOR_MICO_WENDY_DESCRIPTION',	8,					100,				0,					'GovernorNormal_MicoWendy',	
		'GovernorSelected_MicoWendy',	'TRAIT_LEADER_MICO_POLITICAL_KIDNAPPER'),
		('GOVERNOR_MICO_IGGY', 'GOVERNOR_MICO_IGGY', 'LOC_GOVERNOR_MICO_IGGY_NAME',	'LOC_GOVERNOR_MICO_IGGY_TITLE',	'LOC_GOVERNOR_MICO_IGGY_SHORT_TITLE', 
		'LOC_GOVERNOR_MICO_IGGY_DESCRIPTION',	8,					100,				0,					'GovernorNormal_MicoIggy',	
		'GovernorSelected_MicoIggy',	'TRAIT_LEADER_MICO_POLITICAL_KIDNAPPER'),
		('GOVERNOR_MICO_ROY', 'GOVERNOR_MICO_ROY', 'LOC_GOVERNOR_MICO_ROY_NAME',	'LOC_GOVERNOR_MICO_ROY_TITLE',	'LOC_GOVERNOR_MICO_ROY_SHORT_TITLE', 
		'LOC_GOVERNOR_MICO_ROY_DESCRIPTION',	8,					100,				0,					'GovernorNormal_MicoRoy',	
		'GovernorSelected_MicoRoy',	'TRAIT_LEADER_MICO_POLITICAL_KIDNAPPER'),
		('GOVERNOR_MICO_LEMMY', 'GOVERNOR_MICO_LEMMY', 'LOC_GOVERNOR_MICO_LEMMY_NAME',	'LOC_GOVERNOR_MICO_LEMMY_TITLE',	'LOC_GOVERNOR_MICO_LEMMY_SHORT_TITLE', 
		'LOC_GOVERNOR_MICO_LEMMY_DESCRIPTION',	8,					150,				0,					'GovernorNormal_MicoLemmy',	
		'GovernorSelected_MicoLemmy',	'TRAIT_LEADER_MICO_POLITICAL_KIDNAPPER'),
		('GOVERNOR_MICO_LUDWIG', 'GOVERNOR_MICO_LUDWIG', 'LOC_GOVERNOR_MICO_LUDWIG_NAME',	'LOC_GOVERNOR_MICO_LUDWIG_TITLE',	'LOC_GOVERNOR_MICO_LUDWIG_SHORT_TITLE', 
		'LOC_GOVERNOR_MICO_LUDWIG_DESCRIPTION',	8,					100,				0,					'GovernorNormal_MicoLudwig',	
		'GovernorSelected_MicoLudwig',	'TRAIT_LEADER_MICO_POLITICAL_KIDNAPPER');


INSERT OR REPLACE INTO GovernorPromotionSets 
		(GovernorType,				GovernorPromotion) 
VALUES	('GOVERNOR_MICO_LARRY',		'GOVERNOR_PROMOTION_MICO_LARRY1'),
		('GOVERNOR_MICO_LARRY',		'GOVERNOR_PROMOTION_MICO_LARRY2'),
		('GOVERNOR_MICO_LARRY',		'GOVERNOR_PROMOTION_MICO_LARRY3'),
		('GOVERNOR_MICO_LARRY',		'GOVERNOR_PROMOTION_MICO_LARRY4'),
		('GOVERNOR_MICO_LARRY',		'GOVERNOR_PROMOTION_MICO_LARRY5'),
		('GOVERNOR_MICO_LARRY',		'GOVERNOR_PROMOTION_MICO_LARRY6'),

		('GOVERNOR_MICO_MORTON',	'GOVERNOR_PROMOTION_MICO_MORTON1'),
		('GOVERNOR_MICO_MORTON',	'GOVERNOR_PROMOTION_MICO_MORTON2'),
		('GOVERNOR_MICO_MORTON',	'GOVERNOR_PROMOTION_MICO_MORTON3'),
		('GOVERNOR_MICO_MORTON',	'GOVERNOR_PROMOTION_MICO_MORTON4'),
		('GOVERNOR_MICO_MORTON',	'GOVERNOR_PROMOTION_MICO_MORTON5'),
		('GOVERNOR_MICO_MORTON',	'GOVERNOR_PROMOTION_MICO_MORTON6'),

		('GOVERNOR_MICO_WENDY',		'GOVERNOR_PROMOTION_MICO_WENDY1'),
		('GOVERNOR_MICO_WENDY',		'GOVERNOR_PROMOTION_MICO_WENDY2'),
		('GOVERNOR_MICO_WENDY',		'GOVERNOR_PROMOTION_MICO_WENDY3'),
		('GOVERNOR_MICO_WENDY',		'GOVERNOR_PROMOTION_MICO_WENDY4'),
		('GOVERNOR_MICO_WENDY',		'GOVERNOR_PROMOTION_MICO_WENDY5'),
		('GOVERNOR_MICO_WENDY',		'GOVERNOR_PROMOTION_MICO_WENDY6'),

		('GOVERNOR_MICO_IGGY',		'GOVERNOR_PROMOTION_MICO_IGGY1'),
		('GOVERNOR_MICO_IGGY',		'GOVERNOR_PROMOTION_MICO_IGGY2'),
		('GOVERNOR_MICO_IGGY',		'GOVERNOR_PROMOTION_MICO_IGGY3'),
		('GOVERNOR_MICO_IGGY',		'GOVERNOR_PROMOTION_MICO_IGGY4'),
		('GOVERNOR_MICO_IGGY',		'GOVERNOR_PROMOTION_MICO_IGGY5'),
		('GOVERNOR_MICO_IGGY',		'GOVERNOR_PROMOTION_MICO_IGGY6'),

		('GOVERNOR_MICO_ROY',		'GOVERNOR_PROMOTION_MICO_ROY1'),
		('GOVERNOR_MICO_ROY',		'GOVERNOR_PROMOTION_MICO_ROY2'),
		('GOVERNOR_MICO_ROY',		'GOVERNOR_PROMOTION_MICO_ROY3'),
		('GOVERNOR_MICO_ROY',		'GOVERNOR_PROMOTION_MICO_ROY4'),
		('GOVERNOR_MICO_ROY',		'GOVERNOR_PROMOTION_MICO_ROY5'),
		('GOVERNOR_MICO_ROY',		'GOVERNOR_PROMOTION_MICO_ROY6'),

		('GOVERNOR_MICO_LEMMY',		'GOVERNOR_PROMOTION_MICO_LEMMY1'),
		('GOVERNOR_MICO_LEMMY',		'GOVERNOR_PROMOTION_MICO_LEMMY2'),
		('GOVERNOR_MICO_LEMMY',		'GOVERNOR_PROMOTION_MICO_LEMMY3'),
		('GOVERNOR_MICO_LEMMY',		'GOVERNOR_PROMOTION_MICO_LEMMY4'),
		('GOVERNOR_MICO_LEMMY',		'GOVERNOR_PROMOTION_MICO_LEMMY5'),
		('GOVERNOR_MICO_LEMMY',		'GOVERNOR_PROMOTION_MICO_LEMMY6'),

		('GOVERNOR_MICO_LUDWIG',	'GOVERNOR_PROMOTION_MICO_LUDWIG1'),
		('GOVERNOR_MICO_LUDWIG',	'GOVERNOR_PROMOTION_MICO_LUDWIG2'),
		('GOVERNOR_MICO_LUDWIG',	'GOVERNOR_PROMOTION_MICO_LUDWIG3'),
		('GOVERNOR_MICO_LUDWIG',	'GOVERNOR_PROMOTION_MICO_LUDWIG4'),
		('GOVERNOR_MICO_LUDWIG',	'GOVERNOR_PROMOTION_MICO_LUDWIG5'),
		('GOVERNOR_MICO_LUDWIG',	'GOVERNOR_PROMOTION_MICO_LUDWIG6');

INSERT OR REPLACE INTO GovernorPromotions 
		(GovernorPromotionType,					Name,											Description,											Level,		Column,		BaseAbility) 
VALUES	('GOVERNOR_PROMOTION_MICO_LARRY1',		'LOC_GOVERNOR_PROMOTION_MICO_LARRY1_NAME',		'LOC_GOVERNOR_PROMOTION_MICO_LARRY1_DESCRIPTION',		0,			1,			1),
		('GOVERNOR_PROMOTION_MICO_LARRY2',		'LOC_GOVERNOR_PROMOTION_MICO_LARRY2_NAME',		'LOC_GOVERNOR_PROMOTION_MICO_LARRY2_DESCRIPTION',		1,			0,			0),
		('GOVERNOR_PROMOTION_MICO_LARRY3',		'LOC_GOVERNOR_PROMOTION_MICO_LARRY3_NAME',		'LOC_GOVERNOR_PROMOTION_MICO_LARRY3_DESCRIPTION',		1,			2,			0),
		('GOVERNOR_PROMOTION_MICO_LARRY4',		'LOC_GOVERNOR_PROMOTION_MICO_LARRY4_NAME',		'LOC_GOVERNOR_PROMOTION_MICO_LARRY4_DESCRIPTION',		2,			0,			0),
		('GOVERNOR_PROMOTION_MICO_LARRY5',		'LOC_GOVERNOR_PROMOTION_MICO_LARRY5_NAME',		'LOC_GOVERNOR_PROMOTION_MICO_LARRY5_DESCRIPTION',		2,			2,			0),
		('GOVERNOR_PROMOTION_MICO_LARRY6',		'LOC_GOVERNOR_PROMOTION_MICO_LARRY6_NAME',		'LOC_GOVERNOR_PROMOTION_MICO_LARRY6_DESCRIPTION',		3,			1,			0),

		('GOVERNOR_PROMOTION_MICO_MORTON1',		'LOC_GOVERNOR_PROMOTION_MICO_MORTON1_NAME',		'LOC_GOVERNOR_PROMOTION_MICO_MORTON1_DESCRIPTION',		0,			1,			1),
		('GOVERNOR_PROMOTION_MICO_MORTON2',		'LOC_GOVERNOR_PROMOTION_MICO_MORTON2_NAME',		'LOC_GOVERNOR_PROMOTION_MICO_MORTON2_DESCRIPTION',		1,			0,			0),
		('GOVERNOR_PROMOTION_MICO_MORTON3',		'LOC_GOVERNOR_PROMOTION_MICO_MORTON3_NAME',		'LOC_GOVERNOR_PROMOTION_MICO_MORTON3_DESCRIPTION',		1,			2,			0),
		('GOVERNOR_PROMOTION_MICO_MORTON4',		'LOC_GOVERNOR_PROMOTION_MICO_MORTON4_NAME',		'LOC_GOVERNOR_PROMOTION_MICO_MORTON4_DESCRIPTION',		2,			1,			0),
		('GOVERNOR_PROMOTION_MICO_MORTON5',		'LOC_GOVERNOR_PROMOTION_MICO_MORTON5_NAME',		'LOC_GOVERNOR_PROMOTION_MICO_MORTON5_DESCRIPTION',		3,			0,			0),
		('GOVERNOR_PROMOTION_MICO_MORTON6',		'LOC_GOVERNOR_PROMOTION_MICO_MORTON6_NAME',		'LOC_GOVERNOR_PROMOTION_MICO_MORTON6_DESCRIPTION',		3,			2,			0),

		('GOVERNOR_PROMOTION_MICO_WENDY1',		'LOC_GOVERNOR_PROMOTION_MICO_WENDY1_NAME',		'LOC_GOVERNOR_PROMOTION_MICO_WENDY1_DESCRIPTION',		0,			1,			1),
		('GOVERNOR_PROMOTION_MICO_WENDY2',		'LOC_GOVERNOR_PROMOTION_MICO_WENDY2_NAME',		'LOC_GOVERNOR_PROMOTION_MICO_WENDY2_DESCRIPTION',		1,			0,			0),
		('GOVERNOR_PROMOTION_MICO_WENDY3',		'LOC_GOVERNOR_PROMOTION_MICO_WENDY3_NAME',		'LOC_GOVERNOR_PROMOTION_MICO_WENDY3_DESCRIPTION',		1,			2,			0),
		('GOVERNOR_PROMOTION_MICO_WENDY4',		'LOC_GOVERNOR_PROMOTION_MICO_WENDY4_NAME',		'LOC_GOVERNOR_PROMOTION_MICO_WENDY4_DESCRIPTION',		2,			0,			0),
		('GOVERNOR_PROMOTION_MICO_WENDY5',		'LOC_GOVERNOR_PROMOTION_MICO_WENDY5_NAME',		'LOC_GOVERNOR_PROMOTION_MICO_WENDY5_DESCRIPTION',		2,			2,			0),
		('GOVERNOR_PROMOTION_MICO_WENDY6',		'LOC_GOVERNOR_PROMOTION_MICO_WENDY6_NAME',		'LOC_GOVERNOR_PROMOTION_MICO_WENDY6_DESCRIPTION',		3,			1,			0),

		('GOVERNOR_PROMOTION_MICO_IGGY1',		'LOC_GOVERNOR_PROMOTION_MICO_IGGY1_NAME',		'LOC_GOVERNOR_PROMOTION_MICO_IGGY1_DESCRIPTION',		0,			1,			1),
		('GOVERNOR_PROMOTION_MICO_IGGY2',		'LOC_GOVERNOR_PROMOTION_MICO_IGGY2_NAME',		'LOC_GOVERNOR_PROMOTION_MICO_IGGY2_DESCRIPTION',		1,			0,			0),
		('GOVERNOR_PROMOTION_MICO_IGGY3',		'LOC_GOVERNOR_PROMOTION_MICO_IGGY3_NAME',		'LOC_GOVERNOR_PROMOTION_MICO_IGGY3_DESCRIPTION',		1,			2,			0),
		('GOVERNOR_PROMOTION_MICO_IGGY4',		'LOC_GOVERNOR_PROMOTION_MICO_IGGY4_NAME',		'LOC_GOVERNOR_PROMOTION_MICO_IGGY4_DESCRIPTION',		2,			0,			0),
		('GOVERNOR_PROMOTION_MICO_IGGY5',		'LOC_GOVERNOR_PROMOTION_MICO_IGGY5_NAME',		'LOC_GOVERNOR_PROMOTION_MICO_IGGY5_DESCRIPTION',		2,			2,			0),
		('GOVERNOR_PROMOTION_MICO_IGGY6',		'LOC_GOVERNOR_PROMOTION_MICO_IGGY6_NAME',		'LOC_GOVERNOR_PROMOTION_MICO_IGGY6_DESCRIPTION',		3,			1,			0),

		('GOVERNOR_PROMOTION_MICO_ROY1',		'LOC_GOVERNOR_PROMOTION_MICO_ROY1_NAME',		'LOC_GOVERNOR_PROMOTION_MICO_ROY1_DESCRIPTION',			0,			1,			1),
		('GOVERNOR_PROMOTION_MICO_ROY2',		'LOC_GOVERNOR_PROMOTION_MICO_ROY2_NAME',		'LOC_GOVERNOR_PROMOTION_MICO_ROY2_DESCRIPTION',			1,			0,			0),
		('GOVERNOR_PROMOTION_MICO_ROY3',		'LOC_GOVERNOR_PROMOTION_MICO_ROY3_NAME',		'LOC_GOVERNOR_PROMOTION_MICO_ROY3_DESCRIPTION',			1,			2,			0),
		('GOVERNOR_PROMOTION_MICO_ROY5',		'LOC_GOVERNOR_PROMOTION_MICO_ROY5_NAME',		'LOC_GOVERNOR_PROMOTION_MICO_ROY5_DESCRIPTION',			2,			1,			0),
		('GOVERNOR_PROMOTION_MICO_ROY4',		'LOC_GOVERNOR_PROMOTION_MICO_ROY4_NAME',		'LOC_GOVERNOR_PROMOTION_MICO_ROY4_DESCRIPTION',			3,			0,			0),		
		('GOVERNOR_PROMOTION_MICO_ROY6',		'LOC_GOVERNOR_PROMOTION_MICO_ROY6_NAME',		'LOC_GOVERNOR_PROMOTION_MICO_ROY6_DESCRIPTION',			3,			2,			0),

		('GOVERNOR_PROMOTION_MICO_LEMMY1',		'LOC_GOVERNOR_PROMOTION_MICO_LEMMY1_NAME',		'LOC_GOVERNOR_PROMOTION_MICO_LEMMY1_DESCRIPTION',		0,			1,			1),
		('GOVERNOR_PROMOTION_MICO_LEMMY2',		'LOC_GOVERNOR_PROMOTION_MICO_LEMMY2_NAME',		'LOC_GOVERNOR_PROMOTION_MICO_LEMMY2_DESCRIPTION',		1,			0,			0),
		('GOVERNOR_PROMOTION_MICO_LEMMY3',		'LOC_GOVERNOR_PROMOTION_MICO_LEMMY3_NAME',		'LOC_GOVERNOR_PROMOTION_MICO_LEMMY3_DESCRIPTION',		1,			2,			0),
		('GOVERNOR_PROMOTION_MICO_LEMMY4',		'LOC_GOVERNOR_PROMOTION_MICO_LEMMY4_NAME',		'LOC_GOVERNOR_PROMOTION_MICO_LEMMY4_DESCRIPTION',		2,			0,			0),
		('GOVERNOR_PROMOTION_MICO_LEMMY5',		'LOC_GOVERNOR_PROMOTION_MICO_LEMMY5_NAME',		'LOC_GOVERNOR_PROMOTION_MICO_LEMMY5_DESCRIPTION',		2,			2,			0),
		('GOVERNOR_PROMOTION_MICO_LEMMY6',		'LOC_GOVERNOR_PROMOTION_MICO_LEMMY6_NAME',		'LOC_GOVERNOR_PROMOTION_MICO_LEMMY6_DESCRIPTION',		3,			1,			0),

		('GOVERNOR_PROMOTION_MICO_LUDWIG1',		'LOC_GOVERNOR_PROMOTION_MICO_LUDWIG1_NAME',		'LOC_GOVERNOR_PROMOTION_MICO_LUDWIG1_DESCRIPTION',		0,			1,			1),
		('GOVERNOR_PROMOTION_MICO_LUDWIG2',		'LOC_GOVERNOR_PROMOTION_MICO_LUDWIG2_NAME',		'LOC_GOVERNOR_PROMOTION_MICO_LUDWIG2_DESCRIPTION',		1,			0,			0),
		('GOVERNOR_PROMOTION_MICO_LUDWIG3',		'LOC_GOVERNOR_PROMOTION_MICO_LUDWIG3_NAME',		'LOC_GOVERNOR_PROMOTION_MICO_LUDWIG3_DESCRIPTION',		1,			2,			0),
		('GOVERNOR_PROMOTION_MICO_LUDWIG4',		'LOC_GOVERNOR_PROMOTION_MICO_LUDWIG4_NAME',		'LOC_GOVERNOR_PROMOTION_MICO_LUDWIG4_DESCRIPTION',		2,			0,			0),
		('GOVERNOR_PROMOTION_MICO_LUDWIG5',		'LOC_GOVERNOR_PROMOTION_MICO_LUDWIG5_NAME',		'LOC_GOVERNOR_PROMOTION_MICO_LUDWIG5_DESCRIPTION',		2,			2,			0),
		('GOVERNOR_PROMOTION_MICO_LUDWIG6',		'LOC_GOVERNOR_PROMOTION_MICO_LUDWIG6_NAME',		'LOC_GOVERNOR_PROMOTION_MICO_LUDWIG6_DESCRIPTION',		3,			1,			0);

INSERT OR REPLACE INTO GovernorPromotionPrereqs 
		(GovernorPromotionType,				PrereqGovernorPromotion) 
VALUES	('GOVERNOR_PROMOTION_MICO_LARRY2',	'GOVERNOR_PROMOTION_MICO_LARRY1'),
		('GOVERNOR_PROMOTION_MICO_LARRY3',	'GOVERNOR_PROMOTION_MICO_LARRY1'),
		('GOVERNOR_PROMOTION_MICO_LARRY4',	'GOVERNOR_PROMOTION_MICO_LARRY2'),
		('GOVERNOR_PROMOTION_MICO_LARRY5',	'GOVERNOR_PROMOTION_MICO_LARRY3'),
		('GOVERNOR_PROMOTION_MICO_LARRY6',	'GOVERNOR_PROMOTION_MICO_LARRY4'),
		('GOVERNOR_PROMOTION_MICO_LARRY6',	'GOVERNOR_PROMOTION_MICO_LARRY5'),

		('GOVERNOR_PROMOTION_MICO_MORTON2',	'GOVERNOR_PROMOTION_MICO_MORTON1'),
		('GOVERNOR_PROMOTION_MICO_MORTON3',	'GOVERNOR_PROMOTION_MICO_MORTON1'),
		('GOVERNOR_PROMOTION_MICO_MORTON4',	'GOVERNOR_PROMOTION_MICO_MORTON2'),
		('GOVERNOR_PROMOTION_MICO_MORTON4',	'GOVERNOR_PROMOTION_MICO_MORTON3'),
		('GOVERNOR_PROMOTION_MICO_MORTON5',	'GOVERNOR_PROMOTION_MICO_MORTON4'),
		('GOVERNOR_PROMOTION_MICO_MORTON6',	'GOVERNOR_PROMOTION_MICO_MORTON4'),

		('GOVERNOR_PROMOTION_MICO_WENDY2',	'GOVERNOR_PROMOTION_MICO_WENDY1'),
		('GOVERNOR_PROMOTION_MICO_WENDY3',	'GOVERNOR_PROMOTION_MICO_WENDY1'),
		('GOVERNOR_PROMOTION_MICO_WENDY4',	'GOVERNOR_PROMOTION_MICO_WENDY2'),
		('GOVERNOR_PROMOTION_MICO_WENDY5',	'GOVERNOR_PROMOTION_MICO_WENDY3'),
		('GOVERNOR_PROMOTION_MICO_WENDY6',	'GOVERNOR_PROMOTION_MICO_WENDY4'),
		('GOVERNOR_PROMOTION_MICO_WENDY6',	'GOVERNOR_PROMOTION_MICO_WENDY5'),

		('GOVERNOR_PROMOTION_MICO_IGGY2',	'GOVERNOR_PROMOTION_MICO_IGGY1'),
		('GOVERNOR_PROMOTION_MICO_IGGY3',	'GOVERNOR_PROMOTION_MICO_IGGY1'),
		('GOVERNOR_PROMOTION_MICO_IGGY4',	'GOVERNOR_PROMOTION_MICO_IGGY2'),
		('GOVERNOR_PROMOTION_MICO_IGGY5',	'GOVERNOR_PROMOTION_MICO_IGGY3'),
		('GOVERNOR_PROMOTION_MICO_IGGY6',	'GOVERNOR_PROMOTION_MICO_IGGY4'),
		('GOVERNOR_PROMOTION_MICO_IGGY6',	'GOVERNOR_PROMOTION_MICO_IGGY5'),

		('GOVERNOR_PROMOTION_MICO_ROY2',	'GOVERNOR_PROMOTION_MICO_ROY1'),
		('GOVERNOR_PROMOTION_MICO_ROY3',	'GOVERNOR_PROMOTION_MICO_ROY1'),
		('GOVERNOR_PROMOTION_MICO_ROY5',	'GOVERNOR_PROMOTION_MICO_ROY2'),
		('GOVERNOR_PROMOTION_MICO_ROY5',	'GOVERNOR_PROMOTION_MICO_ROY3'),
		('GOVERNOR_PROMOTION_MICO_ROY4',	'GOVERNOR_PROMOTION_MICO_ROY5'),
		('GOVERNOR_PROMOTION_MICO_ROY6',	'GOVERNOR_PROMOTION_MICO_ROY5'),

		('GOVERNOR_PROMOTION_MICO_LEMMY2',	'GOVERNOR_PROMOTION_MICO_LEMMY1'),
		('GOVERNOR_PROMOTION_MICO_LEMMY3',	'GOVERNOR_PROMOTION_MICO_LEMMY1'),
		('GOVERNOR_PROMOTION_MICO_LEMMY4',	'GOVERNOR_PROMOTION_MICO_LEMMY2'),
		('GOVERNOR_PROMOTION_MICO_LEMMY5',	'GOVERNOR_PROMOTION_MICO_LEMMY3'),
		('GOVERNOR_PROMOTION_MICO_LEMMY6',	'GOVERNOR_PROMOTION_MICO_LEMMY4'),
		('GOVERNOR_PROMOTION_MICO_LEMMY6',	'GOVERNOR_PROMOTION_MICO_LEMMY5'),

		('GOVERNOR_PROMOTION_MICO_LUDWIG2',	'GOVERNOR_PROMOTION_MICO_LUDWIG1'),
		('GOVERNOR_PROMOTION_MICO_LUDWIG3',	'GOVERNOR_PROMOTION_MICO_LUDWIG1'),
		('GOVERNOR_PROMOTION_MICO_LUDWIG4',	'GOVERNOR_PROMOTION_MICO_LUDWIG2'),
		('GOVERNOR_PROMOTION_MICO_LUDWIG5',	'GOVERNOR_PROMOTION_MICO_LUDWIG3'),
		('GOVERNOR_PROMOTION_MICO_LUDWIG6',	'GOVERNOR_PROMOTION_MICO_LUDWIG4'),
		('GOVERNOR_PROMOTION_MICO_LUDWIG6',	'GOVERNOR_PROMOTION_MICO_LUDWIG5');

INSERT OR REPLACE INTO GovernorPromotionModifiers 
		(GovernorPromotionType,				ModifierId)	
VALUES	('GOVERNOR_PROMOTION_MICO_LARRY1',	'REINFORCED_INFRASTRUCTURE_PREVENET_STRUCTURAL_DAMAGE'),
		('GOVERNOR_PROMOTION_MICO_LARRY1',	'MODIFIER_MICO_FASTER_CITY_BORDER_EXPANSION'),
		('GOVERNOR_PROMOTION_MICO_LARRY2',	'MODIFIER_MICO_SCORCHING_DESERT_DAMAGE_PROPERTY'),
		('GOVERNOR_PROMOTION_MICO_LARRY2',	'MODIFIER_MICO_FREEZING_TUNDRA_MOVEMENT_PROPERTY'),
		('GOVERNOR_PROMOTION_MICO_LARRY3',	'MODIFIER_MICO_ARSONIST_BUILDERS'),
		('GOVERNOR_PROMOTION_MICO_LARRY4',	'MODIFIER_MICO_OPPORTUNIST_PRODUCTION_BOOST'),
		('GOVERNOR_PROMOTION_MICO_LARRY5',	'MODIFIER_MICO_SPY_DISGUISE_PROMOTION'),
		('GOVERNOR_PROMOTION_MICO_LARRY6',	'AIR_DEFENSE_INITIATIVE_ANTI_AIR_BONUS'),

		('GOVERNOR_PROMOTION_MICO_MORTON1',	'REINFORCED_INFRASTRUCTURE_PREVENET_STRUCTURAL_DAMAGE'),
		('GOVERNOR_PROMOTION_MICO_MORTON1',	'DEFENDER_ADJUST_CITY_DEFENSE_STRENGTH'),
		('GOVERNOR_PROMOTION_MICO_MORTON2',	'GARRISON_COMMANDER_ADJUST_CITY_COMBAT_BONUS'),
		('GOVERNOR_PROMOTION_MICO_MORTON2',	'PRESTIGE_IDENTITY_PRESSURE_TO_DOMESTIC_CITIES'),
		('GOVERNOR_PROMOTION_MICO_MORTON3',	'CITY_DEFENDER_ADJUST_ATTACKS_PER_TURN'),
		('GOVERNOR_PROMOTION_MICO_MORTON3',	'CITY_DEFENDER_FREE_PROMOTIONS'),
		('GOVERNOR_PROMOTION_MICO_MORTON4',	'DEFENSE_LOGISTICS_SIEGE_PROTECTION'),
		('GOVERNOR_PROMOTION_MICO_MORTON4',	'DEFENSE_LOGISTICS_BONUS_STRATEGICS'),
		('GOVERNOR_PROMOTION_MICO_MORTON5',	'SECURITY_EXPERT_SPY_DEFENSE_BONUS'),
		('GOVERNOR_PROMOTION_MICO_MORTON6',	'EDUCATOR_FASTER_MANHATTAN_PROJECT_RESEARCH'),
		('GOVERNOR_PROMOTION_MICO_MORTON6',	'EDUCATOR_FASTER_OPERATION_IVY_RESEARCH'),
		('GOVERNOR_PROMOTION_MICO_MORTON6',	'EDUCATOR_FASTER_NUCLEAR_DEVICE_PRODUCTION'),
		('GOVERNOR_PROMOTION_MICO_MORTON6',	'EDUCATOR_FASTER_THERMONUCLEAR_DEVICE_PRODUCTION'),

		('GOVERNOR_PROMOTION_MICO_WENDY1',	'REINFORCED_INFRASTRUCTURE_PREVENET_STRUCTURAL_DAMAGE'),
		('GOVERNOR_PROMOTION_MICO_WENDY1',	'GUILDMASTER_ADDITIONAL_BUILDER_CHARGES'),
		('GOVERNOR_PROMOTION_MICO_WENDY2',	'MODIFIER_MICO_INFLATION_GOLD_PER_PROMOTION'),
		('GOVERNOR_PROMOTION_MICO_WENDY3',	'MODIFIER_MICO_PRODUCT_MIRROR_GOLD'),
		('GOVERNOR_PROMOTION_MICO_WENDY4',	'TAX_COLLECTOR_ADJUST_CITIZEN_GPT'),
		('GOVERNOR_PROMOTION_MICO_WENDY5',	'MODIFIER_MICO_TARIFFS_FROM_OTHERS_DOMESTIC'),
		('GOVERNOR_PROMOTION_MICO_WENDY5',	'MODIFIER_MICO_TARIFFS_FROM_OTHERS_INTERNATIONAL'),
		('GOVERNOR_PROMOTION_MICO_WENDY5',	'MODIFIER_MICO_TARIFFS_TO_OTHERS_DOMESTIC'),
		('GOVERNOR_PROMOTION_MICO_WENDY5',	'MODIFIER_MICO_TARIFFS_TO_OTHERS_INTERNATIONAL'),
		('GOVERNOR_PROMOTION_MICO_WENDY6',	'CONTRACTOR_ENABLE_DISTRICT_PURCHASE'),

		('GOVERNOR_PROMOTION_MICO_IGGY1',	'REINFORCED_INFRASTRUCTURE_PREVENET_STRUCTURAL_DAMAGE'),
		('GOVERNOR_PROMOTION_MICO_IGGY1',	'MODIFIER_MICO_FORCED_LABOR_PRODUCTION_CITIZEN'),
		('GOVERNOR_PROMOTION_MICO_IGGY2',	'MODIFIER_MICO_CHEAP_MATERIAL_BUILDING'),
		('GOVERNOR_PROMOTION_MICO_IGGY2',	'MODIFIER_MICO_CHEAP_MATERIAL_DISTRICT'),
		('GOVERNOR_PROMOTION_MICO_IGGY3',	'MODIFIER_MICO_DEFORESTATION_HARVEST_BONUS'),
		('GOVERNOR_PROMOTION_MICO_IGGY4',	'MOFIFIER_MICO_MASS_EXCAVATION_PROMOTION'),
		('GOVERNOR_PROMOTION_MICO_IGGY5',	'MODIFIER_MICO_NO_QA_PRODUCTION_BONUS'),
		('GOVERNOR_PROMOTION_MICO_IGGY5',	'MODIFIER_MICO_NO_QA_STRENGTH_PENALTY_ASSIGN'),
		('GOVERNOR_PROMOTION_MICO_IGGY6',	'MODIFIER_MICO_INDUSTRIALIST_COAL_POWER_PLANT_PRODUCTION'),
		('GOVERNOR_PROMOTION_MICO_IGGY6',	'MODIFIER_MICO_INDUSTRIALIST_OIL_POWER_PLANT_PRODUCTION'),
		('GOVERNOR_PROMOTION_MICO_IGGY6',	'MODIFIER_MICO_INDUSTRIALIST_NUCLEAR_POWER_PLANT_PRODUCTION'),
		('GOVERNOR_PROMOTION_MICO_IGGY6',	'MODIFIER_MICO_INDUSTRIALIST_RESOURCE_POWER_PROVIDED'),

		('GOVERNOR_PROMOTION_MICO_ROY1',	'REINFORCED_INFRASTRUCTURE_PREVENET_STRUCTURAL_DAMAGE'),		
		('GOVERNOR_PROMOTION_MICO_ROY1',	'MODIFIER_MICO_TRADITION_CULTURE_BONUS'),
		('GOVERNOR_PROMOTION_MICO_ROY1',	'MODIFIER_MICO_TRADITION_FAITH_BONUS'),
		('GOVERNOR_PROMOTION_MICO_ROY2',	'MODIFIER_MICO_FAITH_PER_CITIZEN'),
		('GOVERNOR_PROMOTION_MICO_ROY3',	'CONNOISSEUR_CULTURE_CITIZEN'),
		('GOVERNOR_PROMOTION_MICO_ROY4',	'MODIFIER_MICO_AGGRESSIVE_ADVERT'),
		('GOVERNOR_PROMOTION_MICO_ROY5',	'MODIFIER_MICO_GOLD_MIRROR_CULTURE'),
		('GOVERNOR_PROMOTION_MICO_ROY5',	'MODIFIER_MICO_SHOWBIZ_AMPHITHEATER_GOLD'),
		('GOVERNOR_PROMOTION_MICO_ROY5',	'MODIFIER_MICO_SHOWBIZ_MUSEUM_ART_GOLD'),
		('GOVERNOR_PROMOTION_MICO_ROY5',	'MODIFIER_MICO_SHOWBIZ_MUSEUM_ARTIFACT_GOLD'),
		('GOVERNOR_PROMOTION_MICO_ROY5',	'MODIFIER_MICO_SHOWBIZ_BROADCAST_CENTER_GOLD'),
		('GOVERNOR_PROMOTION_MICO_ROY6',	'MODIFIER_MICO_CULTURAL_APPROPRIATION_1'),
		('GOVERNOR_PROMOTION_MICO_ROY6',	'MODIFIER_MICO_CULTURAL_APPROPRIATION_2'),
		('GOVERNOR_PROMOTION_MICO_ROY6',	'MODIFIER_MICO_CULTURAL_APPROPRIATION_3'),
		('GOVERNOR_PROMOTION_MICO_ROY6',	'MODIFIER_MICO_CULTURAL_APPROPRIATION_4'),
		('GOVERNOR_PROMOTION_MICO_ROY6',	'MODIFIER_MICO_CULTURAL_APPROPRIATION_5'),

		('GOVERNOR_PROMOTION_MICO_LEMMY1',	'REINFORCED_INFRASTRUCTURE_PREVENET_STRUCTURAL_DAMAGE'),
		('GOVERNOR_PROMOTION_MICO_LEMMY1',	'MODIFIER_MICO_SCHADENFREUDE_ATTACH_1'),
		('GOVERNOR_PROMOTION_MICO_LEMMY1',	'MODIFIER_MICO_SCHADENFREUDE_ATTACH_2'),
		('GOVERNOR_PROMOTION_MICO_LEMMY1',	'MODIFIER_MICO_SCHADENFREUDE_ATTACH_3'),
		('GOVERNOR_PROMOTION_MICO_LEMMY1',	'MODIFIER_MICO_SCHADENFREUDE_ATTACH_4'),
		('GOVERNOR_PROMOTION_MICO_LEMMY1',	'MODIFIER_MICO_SCHADENFREUDE_ATTACH_5'),
		('GOVERNOR_PROMOTION_MICO_LEMMY1',	'MODIFIER_MICO_SCHADENFREUDE_ATTACH_6'),
		('GOVERNOR_PROMOTION_MICO_LEMMY2',	'EXPEDITION_ADJUST_SETTLERS_CONSUME_POPULATION'),
		('GOVERNOR_PROMOTION_MICO_LEMMY3',	'MODIFIER_MICO_DEBAUCHERY_FOOD_BONUS'),
		('GOVERNOR_PROMOTION_MICO_LEMMY3',	'MODIFIER_MICO_DEBAUCHERY_FOOD_TRADE_BONUS'),
		('GOVERNOR_PROMOTION_MICO_LEMMY3',	'MODIFIER_MICO_DEBAUCHERY_PROD_TRADE_PERNALTY'),
		('GOVERNOR_PROMOTION_MICO_LEMMY4',	'AQUACULTURE_CAN_BUILD_FISHERY'),
		('GOVERNOR_PROMOTION_MICO_LEMMY5',	'MODIFIER_MICO_CIRCUS_BASE_AMENITIES'),
		('GOVERNOR_PROMOTION_MICO_LEMMY5',	'MODIFIER_MICO_CIRCUS_BONUS_AMENITIES'),		
		('GOVERNOR_PROMOTION_MICO_LEMMY6',	'PARKS_RECREATION_CAN_BUILD_CITY_PARK'),

		('GOVERNOR_PROMOTION_MICO_LUDWIG1',	'REINFORCED_INFRASTRUCTURE_PREVENET_STRUCTURAL_DAMAGE'),		
		('GOVERNOR_PROMOTION_MICO_LUDWIG1',	'MODIFIER_MICO_PRACTICALISM_SCIENCE_BONUS'),
		('GOVERNOR_PROMOTION_MICO_LUDWIG1',	'MODIFIER_MICO_PRACTICALISM_PROD_BONUS'),
		('GOVERNOR_PROMOTION_MICO_LUDWIG2',	'MODIFIER_MICO_POST_MORTEM_SCIENCE_KILL'),
		('GOVERNOR_PROMOTION_MICO_LUDWIG3',	'RESEARCHER_SCIENCE_CITIZEN'),
		('GOVERNOR_PROMOTION_MICO_LUDWIG4',	'MODIFIER_MICO_UNETHICAL_EXPERIMENT_PROPERTY'),
		('GOVERNOR_PROMOTION_MICO_LUDWIG5',	'MODIFIER_MICO_SUBSIDIZED_UNIVERSITY_SCIENCE_BONUS'),
		('GOVERNOR_PROMOTION_MICO_LUDWIG5',	'MODIFIER_MICO_SUBSIDIZED_UNIVERSITY_GOLD_PENALTY'),
		('GOVERNOR_PROMOTION_MICO_LUDWIG5',	'MODIFIER_MICO_SUBSIDIZED_LAB_SCIENCE_BONUS'),
		('GOVERNOR_PROMOTION_MICO_LUDWIG5',	'MODIFIER_MICO_SUBSIDIZED_LAB_GOLD_BONUS'),		
		('GOVERNOR_PROMOTION_MICO_LUDWIG6',	'EDUCATOR_FASTER_SPACE_RACE_PRODUCTION');

INSERT OR REPLACE INTO Modifiers	
		(ModifierId,													ModifierType,															RunOnce,		Permanent,	Repeatable,		SubjectStackLimit,	OwnerRequirementSetId,	SubjectRequirementSetId)	
VALUES	('MODIFIER_MICO_FREE_GOVERNOR_FIRST_CITY',						'MODIFIER_PLAYER_ADJUST_GOVERNOR_POINTS',								1,				1,			0,				null,				null,					'PLAYER_HAS_ONE_CITY'),
		('MODIFIER_MICO_FASTER_CITY_BORDER_EXPANSION',					'MODIFIER_SINGLE_CITY_CULTURE_BORDER_EXPANSION',						0,				0,			0,				null,				null,					null),
		('MODIFIER_MICO_SCORCHING_DESERT_DAMAGE_PROPERTY',				'MODIFIER_SINGLE_CITY_ADJUST_PROPERTY',									0,				0,			0,				null,				null,					null),
		('MODIFIER_MICO_FREEZING_TUNDRA_MOVEMENT_PROPERTY',				'MODIFIER_SINGLE_CITY_ADJUST_PROPERTY',									0,				0,			0,				null,				null,					null),
		('MODIFIER_MICO_SCORCHING_DESERT_DAMAGE_PENALTY',				'MODIFIER_UNIT_ADJUST_PROPERTY',										0,				0,			0,				null,				null,					null),
		('MODIFIER_MICO_FREEZING_TUNDRA_MOVE_PENALTY',					'MODIFIER_PLAYER_UNIT_ADJUST_MOVEMENT',									0,				0,			0,				null,				null,					null),		
		('MODIFIER_MICO_OPPORTUNIST_PRODUCTION_BOOST',					'MODIFIER_PLAYER_ADD_DIPLOMATIC_YIELD_MODIFIER',						0,				0,			0,				null,				null,					'REQSET_MICO_CITY_HAS_GOVERNOR_PROMOTION_MICO_LARRY4'),
		('MODIFIER_MICO_ARSONIST_BUILDERS',								'MODIFIER_CITY_ADJUST_ALLOWED_IMPROVEMENT',								0,				0,			0,				null,				null,					null),
		('MODIFIER_MICO_SPY_DISGUISE_PROMOTION',						'MODIFIER_MICO_SINGLE_CITY_GRANT_PROMOTION_FOR_TRAINED_UNITS',			0,				1,			0,				null,				null,					null),
		('MODIFIER_MICO_INFLATION_GOLD_PER_PROMOTION',					'MODIFIER_MICO_ADJUST_CITY_YIELD_MODIFIER_PER_GOVERNOR_TITLE',			0,				0,			0,				null,				null,					null),
		('MODIFIER_MICO_PRODUCT_MIRROR_GOLD',							'MODIFIER_MICO_CITY_DISTRICTS_ADJUST_YIELD_BASED_ON_ADJACENCY_BONUS',	0,				0,			0,				null,				null,					null),
		('MODIFIER_MICO_TARIFFS_FROM_OTHERS_DOMESTIC',					'MODIFIER_SINGLE_CITY_ADJUST_TRADE_ROUTE_YIELD_FOR_DOMESTIC',			0,				0,			0,				null,				null,					null),
		('MODIFIER_MICO_TARIFFS_FROM_OTHERS_INTERNATIONAL',				'MODIFIER_SINGLE_CITY_ADJUST_TRADE_ROUTE_YIELD_FOR_INTERNATIONAL',		0,				0,			0,				null,				null,					null),
		('MODIFIER_MICO_TARIFFS_TO_OTHERS_DOMESTIC',					'MODIFIER_SINGLE_CITY_ADJUST_TRADE_ROUTE_YIELD_TO_OTHERS',				0,				0,			0,				null,				null,					null),
		('MODIFIER_MICO_TARIFFS_TO_OTHERS_INTERNATIONAL',				'MODIFIER_SINGLE_CITY_ADJUST_TRADE_ROUTE_YIELD_TO_OTHERS',				0,				0,			0,				null,				null,					null),
		('MODIFIER_MICO_FORCED_LABOR_PRODUCTION_CITIZEN',				'MODIFIER_SINGLE_CITY_ADJUST_CITY_YIELD_PER_POPULATION',				0,				0,			0,				null,				null,					null),
		('MODIFIER_MICO_CHEAP_MATERIAL_BUILDING',						'MODIFIER_SINGLE_CITY_ADJUST_BUILDING_PRODUCTION_MODIFIER',				0,				0,			0,				null,				null,					null),
		('MODIFIER_MICO_CHEAP_MATERIAL_DISTRICT',						'MODIFIER_SINGLE_CITY_ADJUST_DISTRICT_PRODUCTION_MODIFIER',				0,				0,			0,				null,				null,					null),
		('MODIFIER_MICO_DEFORESTATION_HARVEST_BONUS',					'MODIFIER_CITY_ADJUST_RESOURCE_HARVEST_BONUS',							0,				0,			0,				null,				null,					null),
		('MOFIFIER_MICO_MASS_EXCAVATION_PROMOTION',						'MODIFIER_SINGLE_CITY_ADJUST_PROPERTY',									0,				0,			0,				null,				null,					null),
		('MODIFIER_MICO_MINE_MASS_EXCAVATION_PROD',						'MODIFIER_SINGLE_PLOT_ADJUST_PLOT_YIELDS',								0,				0,			0,				null,				null,					'REQSET_MICO_CITY_HAS_GOVERNOR_PROMOTION_MICO_IGGY4'),
		('MODIFIER_MICO_MINE_MASS_EXCAVATION_FOOD',						'MODIFIER_SINGLE_PLOT_ADJUST_PLOT_YIELDS',								0,				0,			0,				null,				null,					'REQSET_MICO_CITY_HAS_GOVERNOR_PROMOTION_MICO_IGGY4'),
		('MODIFIER_MICO_NO_QA_PRODUCTION_BONUS',						'MODIFIER_SINGLE_CITY_ADJUST_MILITARY_UNITS_PRODUCTION',				0,				0,			0,				null,				null,					null),
		('MODIFIER_MICO_NO_QA_STRENGTH_PENALTY_ASSIGN',					'MODIFIER_SINGLE_CITY_GRANT_ABILITY_FOR_TRAINED_UNITS',					0,				1,			0,				null,				null,					null),
		('MODIFIER_MICO_NO_QA_STRENGTH_PENALTY',						'MODIFIER_UNIT_ADJUST_BASE_COMBAT_STRENGTH',							0,				0,			0,				null,				null,					null),
		('MODIFIER_MICO_INDUSTRIALIST_COAL_POWER_PLANT_PRODUCTION',		'MODIFIER_BUILDING_YIELD_CHANGE',										0,				0,			0,				null,				null,					null),
		('MODIFIER_MICO_INDUSTRIALIST_OIL_POWER_PLANT_PRODUCTION',		'MODIFIER_BUILDING_YIELD_CHANGE',										0,				0,			0,				null,				null,					null),
		('MODIFIER_MICO_INDUSTRIALIST_NUCLEAR_POWER_PLANT_PRODUCTION',	'MODIFIER_BUILDING_YIELD_CHANGE',										0,				0,			0,				null,				null,					null),
		('MODIFIER_MICO_INDUSTRIALIST_RESOURCE_POWER_PROVIDED',			'MODIFIER_GOVERNOR_ADJUST_RESOURCE_POWER_PROVIDED_GOVERNOR',			0,				0,			0,				null,				null,					null),
		('MODIFIER_MICO_TRADITION_CULTURE_BONUS',						'MODIFIER_SINGLE_CITY_ADJUST_CITY_YIELD_MODIFIER',						0,				0,			0,				null,				null,					null),
		('MODIFIER_MICO_TRADITION_FAITH_BONUS',							'MODIFIER_SINGLE_CITY_ADJUST_CITY_YIELD_MODIFIER',						0,				0,			0,				null,				null,					null),
		('MODIFIER_MICO_FAITH_PER_CITIZEN',								'MODIFIER_SINGLE_CITY_ADJUST_CITY_YIELD_PER_POPULATION',				0,				0,			0,				null,				null,					null),
		('MODIFIER_MICO_AGGRESSIVE_ADVERT',								'MODIFIER_PLAYER_ADJUST_TRADE_ROUTE_TOURISM_MODIFIER',					0,				0,			0,				null,				null,					null),
		('MODIFIER_MICO_GOLD_MIRROR_CULTURE',							'MODIFIER_MICO_CITY_DISTRICTS_ADJUST_YIELD_BASED_ON_ADJACENCY_BONUS',	0,				0,			0,				null,				null,					null),
		('MODIFIER_MICO_SHOWBIZ_AMPHITHEATER_GOLD',						'MODIFIER_BUILDING_YIELD_CHANGE',										0,				0,			0,				null,				null,					null),
		('MODIFIER_MICO_SHOWBIZ_MUSEUM_ART_GOLD',						'MODIFIER_BUILDING_YIELD_CHANGE',										0,				0,			0,				null,				null,					null),
		('MODIFIER_MICO_SHOWBIZ_MUSEUM_ARTIFACT_GOLD',					'MODIFIER_BUILDING_YIELD_CHANGE',										0,				0,			0,				null,				null,					null),
		('MODIFIER_MICO_SHOWBIZ_BROADCAST_CENTER_GOLD',					'MODIFIER_BUILDING_YIELD_CHANGE',										0,				0,			0,				null,				null,					null),
		('MODIFIER_MICO_CULTURAL_APPROPRIATION_1',						'MODIFIER_SINGLE_CITY_ADJUST_TOURISM_LATE_ERAS',						0,				0,			0,				null,				null,					'REQSET_MICO_PLAYER_HAS_1_ALLIANCE'),
		('MODIFIER_MICO_CULTURAL_APPROPRIATION_2',						'MODIFIER_SINGLE_CITY_ADJUST_TOURISM_LATE_ERAS',						0,				0,			0,				null,				null,					'REQSET_MICO_PLAYER_HAS_2_ALLIANCE'),
		('MODIFIER_MICO_CULTURAL_APPROPRIATION_3',						'MODIFIER_SINGLE_CITY_ADJUST_TOURISM_LATE_ERAS',						0,				0,			0,				null,				null,					'REQSET_MICO_PLAYER_HAS_3_ALLIANCE'),
		('MODIFIER_MICO_CULTURAL_APPROPRIATION_4',						'MODIFIER_SINGLE_CITY_ADJUST_TOURISM_LATE_ERAS',						0,				0,			0,				null,				null,					'REQSET_MICO_PLAYER_HAS_4_ALLIANCE'),
		('MODIFIER_MICO_CULTURAL_APPROPRIATION_5',						'MODIFIER_SINGLE_CITY_ADJUST_TOURISM_LATE_ERAS',						0,				0,			0,				null,				null,					'REQSET_MICO_PLAYER_HAS_5_ALLIANCE'),
		('MODIFIER_MICO_FISHERY_LEMMY_PRODUCTION',						'MODIFIER_SINGLE_PLOT_ADJUST_PLOT_YIELDS',								0,				0,			0,				null,				null,					'REQSET_MICO_CITY_HAS_GOVERNOR_PROMOTION_MICO_LEMMY4'),
		('MODIFIER_MICO_DEBAUCHERY_FOOD_BONUS',							'MODIFIER_SINGLE_CITY_ADJUST_CITY_YIELD_MODIFIER',						0,				0,			0,				null,				null,					null),
		('MODIFIER_MICO_DEBAUCHERY_FOOD_TRADE_BONUS',					'MODIFIER_SINGLE_CITY_ADJUST_TRADE_ROUTE_YIELD_TO_OTHERS',				0,				0,			0,				null,				null,					null),
		('MODIFIER_MICO_DEBAUCHERY_PROD_TRADE_PERNALTY',				'MODIFIER_SINGLE_CITY_ADJUST_TRADE_ROUTE_YIELD_TO_OTHERS',				0,				0,			0,				null,				null,					null),
		('MODIFIER_MICO_CIRCUS_BASE_AMENITIES',							'MODIFIER_SINGLE_CITY_ADJUST_AMENITIES_FROM_GOVERNORS',					0,				0,			0,				null,				null,					null),
		('MODIFIER_MICO_CIRCUS_BONUS_AMENITIES',						'MODIFIER_SINGLE_CITY_ADJUST_AMENITIES_FROM_GOVERNORS',					0,				0,			0,				null,				null,					'REQSET_MICO_CITY_HAS_HORSE_OR_IVORY'),
		('MODIFIER_MICO_SCHADENFREUDE_ATTACH_1',						'MODIFIER_SINGLE_CITY_ATTACH_MODIFIER',									0,				0,			0,				null,				null,					null),		
		('MODIFIER_MICO_SCHADENFREUDE_ATTACH_2',						'MODIFIER_SINGLE_CITY_ATTACH_MODIFIER',									0,				0,			0,				null,				null,					null),	
		('MODIFIER_MICO_SCHADENFREUDE_ATTACH_3',						'MODIFIER_SINGLE_CITY_ATTACH_MODIFIER',									0,				0,			0,				null,				null,					null),	
		('MODIFIER_MICO_SCHADENFREUDE_ATTACH_4',						'MODIFIER_SINGLE_CITY_ATTACH_MODIFIER',									0,				0,			0,				null,				null,					null),	
		('MODIFIER_MICO_SCHADENFREUDE_ATTACH_5',						'MODIFIER_SINGLE_CITY_ATTACH_MODIFIER',									0,				0,			0,				null,				null,					null),	
		('MODIFIER_MICO_SCHADENFREUDE_ATTACH_6',						'MODIFIER_SINGLE_CITY_ATTACH_MODIFIER',									0,				0,			0,				null,				null,					null),	
		('MODIFIER_MICO_CITY_PARK_LEMMY_CULTURE',						'MODIFIER_SINGLE_PLOT_ADJUST_PLOT_YIELDS',								0,				0,			0,				null,				null,					'REQSET_MICO_CITY_HAS_GOVERNOR_PROMOTION_MICO_LEMMY6'),
		('MODIFIER_MICO_CITY_PARK_LEMMY_FAITH',							'MODIFIER_SINGLE_PLOT_ADJUST_PLOT_YIELDS',								0,				0,			0,				null,				null,					'REQSET_MICO_CITY_HAS_GOVERNOR_PROMOTION_MICO_LEMMY6'),
		('MODIFIER_MICO_POST_MORTEM_SCIENCE_KILL',						'MODIFIER_PLAYER_UNITS_ADJUST_POST_COMBAT_YIELD',						0,				0,			0,				null,				null,					'REQSET_MICO_PLOT_EIGHT_INCLUDE_CITY_CENTER_WITH_LUDWIG'),
		('MODIFIER_MICO_PRACTICALISM_SCIENCE_BONUS',					'MODIFIER_SINGLE_CITY_ADJUST_CITY_YIELD_MODIFIER',						0,				0,			0,				null,				null,					null),
		('MODIFIER_MICO_PRACTICALISM_PROD_BONUS',						'MODIFIER_SINGLE_CITY_ADJUST_CITY_YIELD_MODIFIER',						0,				0,			0,				null,				null,					null),
		('MODIFIER_MICO_SUBSIDIZED_UNIVERSITY_SCIENCE_BONUS',			'MODIFIER_BUILDING_YIELD_CHANGE',										0,				0,			0,				null,				null,					null),
		('MODIFIER_MICO_SUBSIDIZED_UNIVERSITY_GOLD_PENALTY',			'MODIFIER_BUILDING_YIELD_CHANGE',										0,				0,			0,				null,				null,					null),
		('MODIFIER_MICO_SUBSIDIZED_LAB_SCIENCE_BONUS',					'MODIFIER_BUILDING_YIELD_CHANGE',										0,				0,			0,				null,				null,					null),
		('MODIFIER_MICO_SUBSIDIZED_LAB_GOLD_BONUS',						'MODIFIER_BUILDING_YIELD_CHANGE',										0,				0,			0,				null,				null,					null),
		('MODIFIER_MICO_UNETHICAL_EXPERIMENT_PROPERTY',					'MODIFIER_SINGLE_CITY_ADJUST_PROPERTY',									0,				0,			0,				null,				null,					null);

INSERT OR REPLACE INTO ModifierArguments	
		(ModifierId,													Name,						Value)	
VALUES	('MODIFIER_MICO_FREE_GOVERNOR_FIRST_CITY',						'Delta',					1),
		('MODIFIER_MICO_FASTER_CITY_BORDER_EXPANSION',					'Amount',					50),
		('MODIFIER_MICO_SCORCHING_DESERT_DAMAGE_PROPERTY',				'Key',						'PROPERTY_MICO_SCORCHING_DESERT_CITY'),
		('MODIFIER_MICO_SCORCHING_DESERT_DAMAGE_PROPERTY',				'Amount',					1),
		('MODIFIER_MICO_FREEZING_TUNDRA_MOVEMENT_PROPERTY',				'Key',						'PROPERTY_MICO_FREEZING_TUNDRA_CITY'),
		('MODIFIER_MICO_FREEZING_TUNDRA_MOVEMENT_PROPERTY',				'Amount',					1),
		('MODIFIER_MICO_SCORCHING_DESERT_DAMAGE_PENALTY',				'Key',						'PROPERTY_MICO_SCORCHING_DESERT_UNIT'),
		('MODIFIER_MICO_SCORCHING_DESERT_DAMAGE_PENALTY',				'Amount',					1),
		('MODIFIER_MICO_FREEZING_TUNDRA_MOVE_PENALTY',					'Amount',					-1),		
		('MODIFIER_MICO_OPPORTUNIST_PRODUCTION_BOOST',					'DiplomaticYieldSource',	'WAR_DECLARATION_RECEIVED'),
		('MODIFIER_MICO_OPPORTUNIST_PRODUCTION_BOOST',					'TurnsActive',				3),
		('MODIFIER_MICO_OPPORTUNIST_PRODUCTION_BOOST',					'YieldType',				'YIELD_PRODUCTION'),
		('MODIFIER_MICO_OPPORTUNIST_PRODUCTION_BOOST',					'Amount',					300),
		('MODIFIER_MICO_ARSONIST_BUILDERS',								'ImprovementType',			'IMPROVEMENT_MICO_FIRE_STARTER'),	
		('MODIFIER_MICO_SPY_DISGUISE_PROMOTION',						'PromotionType',			'PROMOTION_SPY_DISGUISE'),
		('MODIFIER_MICO_INFLATION_GOLD_PER_PROMOTION',					'YieldType',				'YIELD_GOLD'),
		('MODIFIER_MICO_INFLATION_GOLD_PER_PROMOTION',					'Amount',					3),
		('MODIFIER_MICO_PRODUCT_MIRROR_GOLD',							'YieldTypeToGrant',			'YIELD_PRODUCTION'),
		('MODIFIER_MICO_PRODUCT_MIRROR_GOLD',							'YieldTypeToMirror',		'YIELD_GOLD'),
		('MODIFIER_MICO_TARIFFS_FROM_OTHERS_DOMESTIC',					'YieldType',				'YIELD_GOLD'),
		('MODIFIER_MICO_TARIFFS_FROM_OTHERS_DOMESTIC',					'Amount',					4),
		('MODIFIER_MICO_TARIFFS_FROM_OTHERS_INTERNATIONAL',				'YieldType',				'YIELD_GOLD'),
		('MODIFIER_MICO_TARIFFS_FROM_OTHERS_INTERNATIONAL',				'Amount',					4),
		('MODIFIER_MICO_TARIFFS_TO_OTHERS_DOMESTIC',					'YieldType',				'YIELD_GOLD'),
		('MODIFIER_MICO_TARIFFS_TO_OTHERS_DOMESTIC',					'Amount',					4),
		('MODIFIER_MICO_TARIFFS_TO_OTHERS_DOMESTIC',					'Domestic',					1),
		('MODIFIER_MICO_TARIFFS_TO_OTHERS_INTERNATIONAL',				'YieldType',				'YIELD_GOLD'),
		('MODIFIER_MICO_TARIFFS_TO_OTHERS_INTERNATIONAL',				'Amount',					4),
		('MODIFIER_MICO_TARIFFS_TO_OTHERS_INTERNATIONAL',				'Domestic',					0),
		('MODIFIER_MICO_FORCED_LABOR_PRODUCTION_CITIZEN',				'YieldType',				'YIELD_PRODUCTION'),
		('MODIFIER_MICO_FORCED_LABOR_PRODUCTION_CITIZEN',				'Amount',					1),
		('MODIFIER_MICO_CHEAP_MATERIAL_BUILDING',						'Amount',					40),
		('MODIFIER_MICO_CHEAP_MATERIAL_DISTRICT',						'Amount',					40),
		('MODIFIER_MICO_DEFORESTATION_HARVEST_BONUS',					'Amount',					80),
		('MOFIFIER_MICO_MASS_EXCAVATION_PROMOTION',						'Key',						'PROPERTY_MICO_MASS_EXCAVATION'),
		('MOFIFIER_MICO_MASS_EXCAVATION_PROMOTION',						'Amount',					1),
		('MODIFIER_MICO_MINE_MASS_EXCAVATION_PROD',						'YieldType',				'YIELD_PRODUCTION'),
		('MODIFIER_MICO_MINE_MASS_EXCAVATION_PROD',						'Amount',					2),
		('MODIFIER_MICO_MINE_MASS_EXCAVATION_FOOD',						'YieldType',				'YIELD_FOOD'),
		('MODIFIER_MICO_MINE_MASS_EXCAVATION_FOOD',						'Amount',					-1),		
		('MODIFIER_MICO_NO_QA_PRODUCTION_BONUS',						'Amount',					100),
		('MODIFIER_MICO_NO_QA_PRODUCTION_BONUS',						'StartEra',					'ERA_ANCIENT'),
		('MODIFIER_MICO_NO_QA_PRODUCTION_BONUS',						'EndEra',					'ERA_INFORMATION'),
		('MODIFIER_MICO_NO_QA_STRENGTH_PENALTY_ASSIGN',					'AbilityType',				'ABILITY_MICO_NO_QA_STRENGTH_PENALTY'),
		('MODIFIER_MICO_NO_QA_STRENGTH_PENALTY',						'Amount',					-5),
		('MODIFIER_MICO_INDUSTRIALIST_COAL_POWER_PLANT_PRODUCTION',		'BuildingType',				'BUILDING_COAL_POWER_PLANT'),
		('MODIFIER_MICO_INDUSTRIALIST_COAL_POWER_PLANT_PRODUCTION',		'YieldType',				'YIELD_PRODUCTION'),
		('MODIFIER_MICO_INDUSTRIALIST_COAL_POWER_PLANT_PRODUCTION',		'Amount',					3),
		('MODIFIER_MICO_INDUSTRIALIST_OIL_POWER_PLANT_PRODUCTION',		'BuildingType',				'BUILDING_FOSSIL_FUEL_POWER_PLANT'),
		('MODIFIER_MICO_INDUSTRIALIST_OIL_POWER_PLANT_PRODUCTION',		'YieldType',				'YIELD_PRODUCTION'),
		('MODIFIER_MICO_INDUSTRIALIST_OIL_POWER_PLANT_PRODUCTION',		'Amount',					3),
		('MODIFIER_MICO_INDUSTRIALIST_NUCLEAR_POWER_PLANT_PRODUCTION',	'BuildingType',				'BUILDING_POWER_PLANT'),
		('MODIFIER_MICO_INDUSTRIALIST_NUCLEAR_POWER_PLANT_PRODUCTION',	'YieldType',				'YIELD_PRODUCTION'),
		('MODIFIER_MICO_INDUSTRIALIST_NUCLEAR_POWER_PLANT_PRODUCTION',	'Amount',					3),
		('MODIFIER_MICO_INDUSTRIALIST_RESOURCE_POWER_PROVIDED',			'Amount',					2),
		('MODIFIER_MICO_TRADITION_CULTURE_BONUS',						'Amount',					15),
		('MODIFIER_MICO_TRADITION_CULTURE_BONUS',						'YieldType',				'YIELD_CULTURE'),
		('MODIFIER_MICO_TRADITION_FAITH_BONUS',							'Amount',					15),
		('MODIFIER_MICO_TRADITION_FAITH_BONUS',							'YieldType',				'YIELD_FAITH'),
		('MODIFIER_MICO_FAITH_PER_CITIZEN',								'YieldType',				'YIELD_FAITH'),
		('MODIFIER_MICO_FAITH_PER_CITIZEN',								'Amount',					2),
		('MODIFIER_MICO_AGGRESSIVE_ADVERT',								'Amount',					100),
		('MODIFIER_MICO_GOLD_MIRROR_CULTURE',							'YieldTypeToGrant',			'YIELD_GOLD'),
		('MODIFIER_MICO_GOLD_MIRROR_CULTURE',							'YieldTypeToMirror',		'YIELD_CULTURE'),
		('MODIFIER_MICO_SHOWBIZ_AMPHITHEATER_GOLD',						'BuildingType',				'BUILDING_AMPHITHEATER'),
		('MODIFIER_MICO_SHOWBIZ_AMPHITHEATER_GOLD',						'YieldType',				'YIELD_GOLD'),
		('MODIFIER_MICO_SHOWBIZ_AMPHITHEATER_GOLD',						'Amount',					2),
		('MODIFIER_MICO_SHOWBIZ_MUSEUM_ART_GOLD',						'BuildingType',				'BUILDING_MUSEUM_ART'),
		('MODIFIER_MICO_SHOWBIZ_MUSEUM_ART_GOLD',						'YieldType',				'YIELD_GOLD'),
		('MODIFIER_MICO_SHOWBIZ_MUSEUM_ART_GOLD',						'Amount',					2),
		('MODIFIER_MICO_SHOWBIZ_MUSEUM_ARTIFACT_GOLD',					'BuildingType',				'BUILDING_MUSEUM_ARTIFACT'),
		('MODIFIER_MICO_SHOWBIZ_MUSEUM_ARTIFACT_GOLD',					'YieldType',				'YIELD_GOLD'),
		('MODIFIER_MICO_SHOWBIZ_MUSEUM_ARTIFACT_GOLD',					'Amount',					2),
		('MODIFIER_MICO_SHOWBIZ_BROADCAST_CENTER_GOLD',					'BuildingType',				'BUILDING_BROADCAST_CENTER'),
		('MODIFIER_MICO_SHOWBIZ_BROADCAST_CENTER_GOLD',					'YieldType',				'YIELD_GOLD'),
		('MODIFIER_MICO_SHOWBIZ_BROADCAST_CENTER_GOLD',					'Amount',					2),
		('MODIFIER_MICO_CULTURAL_APPROPRIATION_1',						'Modifier',					25),
		('MODIFIER_MICO_CULTURAL_APPROPRIATION_1',						'MinimumEra',				'ERA_ANCIENT'),
		('MODIFIER_MICO_CULTURAL_APPROPRIATION_2',						'Modifier',					50),
		('MODIFIER_MICO_CULTURAL_APPROPRIATION_2',						'MinimumEra',				'ERA_ANCIENT'),
		('MODIFIER_MICO_CULTURAL_APPROPRIATION_3',						'Modifier',					75),
		('MODIFIER_MICO_CULTURAL_APPROPRIATION_3',						'MinimumEra',				'ERA_ANCIENT'),
		('MODIFIER_MICO_CULTURAL_APPROPRIATION_4',						'Modifier',					100),
		('MODIFIER_MICO_CULTURAL_APPROPRIATION_4',						'MinimumEra',				'ERA_ANCIENT'),
		('MODIFIER_MICO_CULTURAL_APPROPRIATION_5',						'Modifier',					125),
		('MODIFIER_MICO_CULTURAL_APPROPRIATION_5',						'MinimumEra',				'ERA_ANCIENT'),
		('MODIFIER_MICO_FISHERY_LEMMY_PRODUCTION',						'YieldType',				'YIELD_PRODUCTION'),
		('MODIFIER_MICO_FISHERY_LEMMY_PRODUCTION',						'Amount',					1),
		('MODIFIER_MICO_DEBAUCHERY_FOOD_BONUS',							'Amount',					50),
		('MODIFIER_MICO_DEBAUCHERY_FOOD_BONUS',							'YieldType',				'YIELD_FOOD'),
		('MODIFIER_MICO_DEBAUCHERY_FOOD_TRADE_BONUS',					'Amount',					3),
		('MODIFIER_MICO_DEBAUCHERY_FOOD_TRADE_BONUS',					'YieldType',				'YIELD_FOOD'),
		('MODIFIER_MICO_DEBAUCHERY_FOOD_TRADE_BONUS',					'Domestic',					1),
		('MODIFIER_MICO_DEBAUCHERY_PROD_TRADE_PERNALTY',				'Amount',					-1),
		('MODIFIER_MICO_DEBAUCHERY_PROD_TRADE_PERNALTY',				'YieldType',				'YIELD_PRODUCTION'),
		('MODIFIER_MICO_DEBAUCHERY_PROD_TRADE_PERNALTY',				'Domestic',					1),
		('MODIFIER_MICO_CIRCUS_BASE_AMENITIES',							'Amount',					3),
		('MODIFIER_MICO_CIRCUS_BONUS_AMENITIES',						'Amount',					2),
		('MODIFIER_MICO_SCHADENFREUDE_ATTACH_1',						'ModifierId',				'MODIFIER_MICO_SCHADENFREUDE_1'), 
		('MODIFIER_MICO_SCHADENFREUDE_ATTACH_2',						'ModifierId',				'MODIFIER_MICO_SCHADENFREUDE_2'), 
		('MODIFIER_MICO_SCHADENFREUDE_ATTACH_3',						'ModifierId',				'MODIFIER_MICO_SCHADENFREUDE_3'), 
		('MODIFIER_MICO_SCHADENFREUDE_ATTACH_4',						'ModifierId',				'MODIFIER_MICO_SCHADENFREUDE_4'), 
		('MODIFIER_MICO_SCHADENFREUDE_ATTACH_5',						'ModifierId',				'MODIFIER_MICO_SCHADENFREUDE_5'), 
		('MODIFIER_MICO_SCHADENFREUDE_ATTACH_6',						'ModifierId',				'MODIFIER_MICO_SCHADENFREUDE_6'), 
		('MODIFIER_MICO_CITY_PARK_LEMMY_CULTURE',						'YieldType',				'YIELD_CULTURE'),
		('MODIFIER_MICO_CITY_PARK_LEMMY_CULTURE',						'Amount',					3),
		('MODIFIER_MICO_CITY_PARK_LEMMY_FAITH',							'YieldType',				'YIELD_FAITH'),
		('MODIFIER_MICO_CITY_PARK_LEMMY_FAITH',							'Amount',					3),
		('MODIFIER_MICO_PRACTICALISM_SCIENCE_BONUS',					'Amount',					15),
		('MODIFIER_MICO_PRACTICALISM_SCIENCE_BONUS',					'YieldType',				'YIELD_SCIENCE'),
		('MODIFIER_MICO_POST_MORTEM_SCIENCE_KILL',						'PercentDefeatedStrength',	100),
		('MODIFIER_MICO_POST_MORTEM_SCIENCE_KILL',						'YieldType',				'YIELD_SCIENCE'),
		('MODIFIER_MICO_PRACTICALISM_PROD_BONUS',						'Amount',					15),
		('MODIFIER_MICO_PRACTICALISM_PROD_BONUS',						'YieldType',				'YIELD_PRODUCTION'),
		('MODIFIER_MICO_SUBSIDIZED_UNIVERSITY_SCIENCE_BONUS',			'BuildingType',				'BUILDING_UNIVERSITY'),
		('MODIFIER_MICO_SUBSIDIZED_UNIVERSITY_SCIENCE_BONUS',			'YieldType',				'YIELD_SCIENCE'),
		('MODIFIER_MICO_SUBSIDIZED_UNIVERSITY_SCIENCE_BONUS',			'Amount',					10),
		('MODIFIER_MICO_SUBSIDIZED_UNIVERSITY_GOLD_PENALTY',			'BuildingType',				'BUILDING_UNIVERSITY'),
		('MODIFIER_MICO_SUBSIDIZED_UNIVERSITY_GOLD_PENALTY',			'YieldType',				'YIELD_GOLD'),
		('MODIFIER_MICO_SUBSIDIZED_UNIVERSITY_GOLD_PENALTY',			'Amount',					5),
		('MODIFIER_MICO_SUBSIDIZED_LAB_SCIENCE_BONUS',					'BuildingType',				'BUILDING_RESEARCH_LAB'),
		('MODIFIER_MICO_SUBSIDIZED_LAB_SCIENCE_BONUS',					'YieldType',				'YIELD_SCIENCE'),
		('MODIFIER_MICO_SUBSIDIZED_LAB_SCIENCE_BONUS',					'Amount',					10),
		('MODIFIER_MICO_SUBSIDIZED_LAB_GOLD_BONUS',						'BuildingType',				'BUILDING_RESEARCH_LAB'),
		('MODIFIER_MICO_SUBSIDIZED_LAB_GOLD_BONUS',						'YieldType',				'YIELD_GOLD'),
		('MODIFIER_MICO_SUBSIDIZED_LAB_GOLD_BONUS',						'Amount',					5),
		('MODIFIER_MICO_UNETHICAL_EXPERIMENT_PROPERTY',					'Key',						'PROPERTY_MICO_UNETHICAL_EXPERIMENT_CITY'),
		('MODIFIER_MICO_UNETHICAL_EXPERIMENT_PROPERTY',					'Amount',					1);

INSERT OR IGNORE INTO RequirementSets
		(RequirementSetId,											RequirementSetType)
VALUES	('REQSET_MICO_CITY_HAS_GOVERNOR_PROMOTION_MICO_LARRY4',		'REQUIREMENTSET_TEST_ALL'),
		('REQSET_MICO_CITY_HAS_GOVERNOR_PROMOTION_MICO_IGGY4',		'REQUIREMENTSET_TEST_ALL'),
		('REQSET_MICO_CITY_HAS_GOVERNOR_PROMOTION_MICO_LEMMY4',		'REQUIREMENTSET_TEST_ALL'),
		('REQSET_MICO_CITY_HAS_HORSE_OR_IVORY',						'REQUIREMENTSET_TEST_ANY'),
		('REQSET_MICO_CITY_HAS_GOVERNOR_PROMOTION_MICO_LEMMY6',		'REQUIREMENTSET_TEST_ALL'),
		('REQSET_MICO_PLOT_EIGHT_INCLUDE_CITY_CENTER_WITH_LUDWIG',	'REQUIREMENTSET_TEST_ALL'),
		('REQSET_MICO_PLAYER_HAS_1_ALLIANCE',						'REQUIREMENTSET_TEST_ALL'),
		('REQSET_MICO_PLAYER_HAS_2_ALLIANCE',						'REQUIREMENTSET_TEST_ALL'),
		('REQSET_MICO_PLAYER_HAS_3_ALLIANCE',						'REQUIREMENTSET_TEST_ALL'),
		('REQSET_MICO_PLAYER_HAS_4_ALLIANCE',						'REQUIREMENTSET_TEST_ALL'),
		('REQSET_MICO_PLAYER_HAS_5_ALLIANCE',						'REQUIREMENTSET_TEST_ALL');

INSERT OR IGNORE INTO RequirementSetRequirements	
		(RequirementSetId,											RequirementId)
VALUES	('REQSET_MICO_CITY_HAS_GOVERNOR_PROMOTION_MICO_LARRY4',		'REQ_MICO_CITY_HAS_GOVERNOR_PROMOTION_MICO_LARRY4'),
		('REQSET_MICO_CITY_HAS_GOVERNOR_PROMOTION_MICO_IGGY4',		'REQ_MICO_CITY_HAS_GOVERNOR_PROMOTION_MICO_IGGY4'),
		('REQSET_MICO_CITY_HAS_GOVERNOR_PROMOTION_MICO_LEMMY4',		'REQ_MICO_CITY_HAS_GOVERNOR_PROMOTION_MICO_LEMMY4'),
		('REQSET_MICO_CITY_HAS_HORSE_OR_IVORY',						'REQ_MICO_CITY_HAS_HORSE'),
		('REQSET_MICO_CITY_HAS_HORSE_OR_IVORY',						'REQ_MICO_CITY_HAS_IVORY'),
		('REQSET_MICO_CITY_HAS_GOVERNOR_PROMOTION_MICO_LEMMY6',		'REQ_MICO_CITY_HAS_GOVERNOR_PROMOTION_MICO_LEMMY6'),
		('REQSET_MICO_PLOT_EIGHT_INCLUDE_CITY_CENTER_WITH_LUDWIG',	'REQ_MICO_PLOT_WITHIN_EIGHT'),
		('REQSET_MICO_PLOT_EIGHT_INCLUDE_CITY_CENTER_WITH_LUDWIG',	'REQ_MICO_CITY_HAS_GOVERNOR_PROMOTION_MICO_LUDWIG1'),
		('REQSET_MICO_PLAYER_HAS_1_ALLIANCE',						'REQ_MICO_PLAYER_HAS_1_ALLIANCE'),
		('REQSET_MICO_PLAYER_HAS_2_ALLIANCE',						'REQ_MICO_PLAYER_HAS_2_ALLIANCE'),
		('REQSET_MICO_PLAYER_HAS_3_ALLIANCE',						'REQ_MICO_PLAYER_HAS_3_ALLIANCE'),
		('REQSET_MICO_PLAYER_HAS_4_ALLIANCE',						'REQ_MICO_PLAYER_HAS_4_ALLIANCE'),
		('REQSET_MICO_PLAYER_HAS_5_ALLIANCE',						'REQ_MICO_PLAYER_HAS_5_ALLIANCE');

INSERT OR IGNORE INTO Requirements
		(RequirementId,											RequirementType)
VALUES	('REQ_MICO_CITY_HAS_GOVERNOR_PROMOTION_MICO_LARRY4',	'REQUIREMENT_CITY_HAS_SPECIFIC_GOVERNOR_PROMOTION_TYPE'),
		('REQ_MICO_CITY_HAS_GOVERNOR_PROMOTION_MICO_IGGY4',		'REQUIREMENT_CITY_HAS_SPECIFIC_GOVERNOR_PROMOTION_TYPE'),
		('REQ_MICO_CITY_HAS_GOVERNOR_PROMOTION_MICO_LEMMY4',	'REQUIREMENT_CITY_HAS_SPECIFIC_GOVERNOR_PROMOTION_TYPE'),
		('REQ_MICO_CITY_HAS_HORSE',								'REQUIREMENT_CITY_HAS_RESOURCE_TYPE_IMPROVED'),
		('REQ_MICO_CITY_HAS_IVORY',								'REQUIREMENT_CITY_HAS_RESOURCE_TYPE_IMPROVED'),		
		('REQ_MICO_CITY_HAS_GOVERNOR_PROMOTION_MICO_LEMMY6',	'REQUIREMENT_CITY_HAS_SPECIFIC_GOVERNOR_PROMOTION_TYPE'),
		('REQ_MICO_PLOT_WITHIN_EIGHT',							'REQUIREMENT_PLOT_ADJACENT_TO_OWNER'),
		('REQ_MICO_CITY_HAS_GOVERNOR_PROMOTION_MICO_LUDWIG1',	'REQUIREMENT_CITY_HAS_SPECIFIC_GOVERNOR_PROMOTION_TYPE'),
		('REQ_MICO_PLAYER_HAS_1_ALLIANCE',						'REQUIREMENT_PLAYER_HAS_MANY_ALLIANCES'),
		('REQ_MICO_PLAYER_HAS_2_ALLIANCE',						'REQUIREMENT_PLAYER_HAS_MANY_ALLIANCES'),
		('REQ_MICO_PLAYER_HAS_3_ALLIANCE',						'REQUIREMENT_PLAYER_HAS_MANY_ALLIANCES'),
		('REQ_MICO_PLAYER_HAS_4_ALLIANCE',						'REQUIREMENT_PLAYER_HAS_MANY_ALLIANCES'),
		('REQ_MICO_PLAYER_HAS_5_ALLIANCE',						'REQUIREMENT_PLAYER_HAS_MANY_ALLIANCES');

INSERT OR IGNORE INTO RequirementArguments
		(RequirementId,							Name,						Value)
VALUES	('REQ_MICO_CITY_HAS_GOVERNOR_PROMOTION_MICO_LARRY4',	'GovernorPromotionType',	'GOVERNOR_PROMOTION_MICO_LARRY4'),
		('REQ_MICO_CITY_HAS_GOVERNOR_PROMOTION_MICO_LARRY4',	'Established',				1),
		('REQ_MICO_CITY_HAS_GOVERNOR_PROMOTION_MICO_IGGY4',		'GovernorPromotionType',	'GOVERNOR_PROMOTION_MICO_IGGY4'),
		('REQ_MICO_CITY_HAS_GOVERNOR_PROMOTION_MICO_IGGY4',		'Established',				1),
		('REQ_MICO_CITY_HAS_GOVERNOR_PROMOTION_MICO_LEMMY4',	'GovernorPromotionType',	'GOVERNOR_PROMOTION_MICO_LEMMY4'),
		('REQ_MICO_CITY_HAS_GOVERNOR_PROMOTION_MICO_LEMMY4',	'Established',				1),
		('REQ_MICO_CITY_HAS_HORSE',								'ResourceType',				'RESOURCE_HORSES'),
		('REQ_MICO_CITY_HAS_IVORY',								'ResourceType',				'RESOURCE_IVORY'),		
		('REQ_MICO_CITY_HAS_GOVERNOR_PROMOTION_MICO_LEMMY6',	'GovernorPromotionType',	'GOVERNOR_PROMOTION_MICO_LEMMY6'),
		('REQ_MICO_CITY_HAS_GOVERNOR_PROMOTION_MICO_LEMMY6',	'Established',				1),
		('REQ_MICO_PLOT_WITHIN_EIGHT',							'MinDistance',				0),
		('REQ_MICO_PLOT_WITHIN_EIGHT',							'MaxDistance',				10),
		('REQ_MICO_CITY_HAS_GOVERNOR_PROMOTION_MICO_LUDWIG1',	'GovernorPromotionType',	'GOVERNOR_PROMOTION_MICO_LUDWIG1'),
		('REQ_MICO_CITY_HAS_GOVERNOR_PROMOTION_MICO_LUDWIG1',	'Established',				1),
		('REQ_MICO_PLAYER_HAS_1_ALLIANCE',						'MinOwnerAlliances',		1),
		('REQ_MICO_PLAYER_HAS_2_ALLIANCE',						'MinOwnerAlliances',		2),
		('REQ_MICO_PLAYER_HAS_3_ALLIANCE',						'MinOwnerAlliances',		3),
		('REQ_MICO_PLAYER_HAS_4_ALLIANCE',						'MinOwnerAlliances',		4),
		('REQ_MICO_PLAYER_HAS_5_ALLIANCE',						'MinOwnerAlliances',		5);



--------------------------------------------------------------------------------------------------------------------------
-- Improvements Fire starter
--------------------------------------------------------------------------------------------------------------------------
INSERT INTO Improvements	
		(
			ImprovementType,	Name,		Description,	Icon,			Buildable,		SameAdjacentValid,	TraitType, 
			Removable,		PlunderType
		)
VALUES	
		(
			'IMPROVEMENT_MICO_FIRE_STARTER', 'LOC_IMPROVEMENT_MICO_FIRE_STARTER_NAME', 'LOC_IMPROVEMENT_MICO_FIRE_STARTER_DESCRIPTION', 
			'ICON_IMPROVEMENT_MICO_FIRE_STARTER', 1, 1, 'TRAIT_CIVILIZATION_NO_PLAYER', 1, 'NO_PLUNDER'
		);

INSERT INTO Improvements_XP2
		(ImprovementType,					AllowImpassableMovement,	BuildOnAdjacentPlot,	DisasterResistant)
VALUES	
		('IMPROVEMENT_MICO_FIRE_STARTER',  0,							1,						1);

INSERT INTO Improvement_ValidFeatures
			(ImprovementType,							FeatureType			)
VALUES 		('IMPROVEMENT_MICO_FIRE_STARTER',			'FEATURE_FOREST'	),
			('IMPROVEMENT_MICO_FIRE_STARTER',			'FEATURE_JUNGLE'	);

INSERT INTO Improvement_ValidBuildUnits
			(ImprovementType,							UnitType			)
VALUES 		('IMPROVEMENT_MICO_FIRE_STARTER',			'UNIT_BUILDER'		);

------------------------------------------
-- Mine improvement modifiers for mass excavation
-------------------------------------------------
INSERT INTO ImprovementModifiers
		(ImprovementType,			ModifierId)
VALUES	('IMPROVEMENT_MINE',		'MODIFIER_MICO_MINE_MASS_EXCAVATION_PROD'),
		('IMPROVEMENT_MINE',		'MODIFIER_MICO_MINE_MASS_EXCAVATION_FOOD'),
		('IMPROVEMENT_QUARRY',		'MODIFIER_MICO_MINE_MASS_EXCAVATION_PROD'),
		('IMPROVEMENT_QUARRY',		'MODIFIER_MICO_MINE_MASS_EXCAVATION_FOOD'),
		('IMPROVEMENT_CITY_PARK',	'MODIFIER_MICO_CITY_PARK_LEMMY_CULTURE'),
		('IMPROVEMENT_CITY_PARK',	'MODIFIER_MICO_CITY_PARK_LEMMY_FAITH'),
		('IMPROVEMENT_FISHERY',		'MODIFIER_MICO_FISHERY_LEMMY_PRODUCTION');

-------------------------------------------------
-- unit ability
---------------------------------------------------
INSERT INTO UnitAbilities
		(UnitAbilityType,									Name,														Description,													Inactive,	ShowFloatTextWhenEarned	)
VALUES	('ABILITY_MICO_NO_QA_STRENGTH_PENALTY',				'LOC_ABILITY_MICO_NO_QA_STRENGTH_PENALTY_NAME',				'LOC_ABILITY_MICO_NO_QA_STRENGTH_PENALTY_DESCRIPTION',			1,			0),
		('ABILITY_MICO_SCORCHING_DESERT_DAMAGE_PENALTY',	'LOC_ABILITY_MICO_SCORCHING_DESERT_DAMAGE_PENALTY_NAME',	'LOC_ABILITY_MICO_SCORCHING_DESERT_DAMAGE_PENALTY_DESCRIPTION',	1,			1),
		('ABILITY_MICO_FREEZING_TUNDRA_MOVE_PENALTY',		'LOC_ABILITY_MICO_FREEZING_TUNDRA_MOVE_PENALTY_NAME',		'LOC_ABILITY_MICO_FREEZING_TUNDRA_MOVE_PENALTY_DESCRIPTION',	1,			1);

INSERT INTO UnitAbilityModifiers
		(UnitAbilityType,									ModifierId)
VALUES	('ABILITY_MICO_NO_QA_STRENGTH_PENALTY',				'MODIFIER_MICO_NO_QA_STRENGTH_PENALTY'),
		('ABILITY_MICO_SCORCHING_DESERT_DAMAGE_PENALTY',	'MODIFIER_MICO_SCORCHING_DESERT_DAMAGE_PENALTY'),
		('ABILITY_MICO_FREEZING_TUNDRA_MOVE_PENALTY',		'MODIFIER_MICO_FREEZING_TUNDRA_MOVE_PENALTY');

		
------------------------------------------------------
-- AI
------------------------------------------------------

INSERT INTO AiListTypes 
			(ListType ) 
VALUES		('MicoBowserCivics'),
			('MicoBowserTechs'),
			('MicoBowserDistricts'),
			('MicoBowserBuildings'),
			('MicoBowserUnits'),
			('MicoPeachCivics'),
			('MicoPeachTechs'),
			('MicoPeachDistricts'),
			('MicoPeachBuildings'),			
			('MicoPeachPseudoYields'),
			('MicoDaisyCivics'),
			('MicoDaisyTechs'),
			('MicoDaisyDistricts'),
			('MicoDaisyBuildings'),
			('MicoDaisyUnits'),
			('MicoDaisyPseudoYields');

INSERT INTO AiLists 
			(ListType,					LeaderType,									System					)
VALUES		('MicoBowserCivics',		'TRAIT_LEADER_MICO_POLITICAL_KIDNAPPER',	'Civics'				),
			('MicoBowserTechs',			'TRAIT_LEADER_MICO_POLITICAL_KIDNAPPER',	'Technologies'			),
			('MicoBowserDistricts',		'TRAIT_LEADER_MICO_POLITICAL_KIDNAPPER',	'Districts'				),
			('MicoBowserBuildings',		'TRAIT_LEADER_MICO_POLITICAL_KIDNAPPER',	'Buildings'				),
			('MicoBowserUnits',			'TRAIT_LEADER_MICO_POLITICAL_KIDNAPPER',	'Units'					),

			('MicoPeachCivics',			'TRAIT_LEADER_MICO_MYSTICAL_PAINTINGS',		'Civics'				),
			('MicoPeachTechs',			'TRAIT_LEADER_MICO_MYSTICAL_PAINTINGS',		'Technologies'			),
			('MicoPeachDistricts',		'TRAIT_LEADER_MICO_MYSTICAL_PAINTINGS',		'Districts'				),
			('MicoPeachBuildings',		'TRAIT_LEADER_MICO_MYSTICAL_PAINTINGS',		'Buildings'				),			
			('MicoPeachPseudoYields',	'TRAIT_LEADER_MICO_MYSTICAL_PAINTINGS',		'PseudoYields'			),
			
			('MicoDaisyCivics',			'TRAIT_LEADER_MICO_FUN_LOVING',				'Civics'				),
			('MicoDaisyTechs',			'TRAIT_LEADER_MICO_FUN_LOVING',				'Technologies'			),
			('MicoDaisyDistricts',		'TRAIT_LEADER_MICO_FUN_LOVING',				'Districts'				),
			('MicoDaisyBuildings',		'TRAIT_LEADER_MICO_FUN_LOVING',				'Buildings'				),
			('MicoDaisyUnits',			'TRAIT_LEADER_MICO_FUN_LOVING',				'Units'					),
			('MicoDaisyPseudoYields',	'TRAIT_LEADER_MICO_FUN_LOVING',				'PseudoYields'			);

INSERT INTO AiFavoredItems 
			(ListType,					Item,								Favored,	Value	)
VALUES		('MicoBowserCivics',		'CIVIC_STATE_WORKFORCE',			1,			0		),
			('MicoBowserCivics',		'CIVIC_EARLY_EMPIRE',				1,			0		),
			('MicoBowserCivics',		'CIVIC_DEFENSIVE_TACTICS',			1,			0		),
			('MicoBowserCivics',		'CIVIC_RECORDED_HISTORY',			1,			0		),
			('MicoBowserCivics',		'CIVIC_MEDIEVAL_FAIRES',			1,			0		),
			('MicoBowserCivics',		'CIVIC_GUILDS',						1,			0		),
			('MicoBowserCivics',		'CIVIC_CIVIL_ENGINEERING',			1,			0		),
			('MicoBowserCivics',		'CIVIC_NATIONALISM',				1,			0		),
			('MicoBowserCivics',		'CIVIC_MASS_MEDIA',					1,			0		),
			('MicoBowserCivics',		'CIVIC_MOBILIZATION',				1,			0		),
			('MicoBowserCivics',		'CIVIC_GLOBALIZATION',				1,			0		),
			('MicoBowserCivics',		'CIVIC_SOCIAL_MEDIA',				1,			0		),
			('MicoBowserCivics',		'CIVIC_NEAR_FUTURE_GOVERNANCE',		1,			0		),
			('MicoBowserTechs',			'TECH_SHIPBUILDING',				1,			0		),
			('MicoBowserDistricts',		'DISTRICT_GOVERNMENT',				1,			0		),
			('MicoBowserBuildings',		'BUILDING_GOV_WIDE',				1,			0		),
			('MicoBowserBuildings',		'BUILDING_GOV_SPIES',				1,			0		),
			('MicoBowserBuildings',		'BUILDING_GOV_MILITARY',			1,			0		),
			('MicoBowserBuildings',		'BUILDING_MACHU_PICCHU',			1,			0		),
			('MicoBowserUnits',			'UNIT_MICO_FLYING_FORTRESS',		1,			1		),
			('MicoBowserUnits',			'UNIT_SPY',							1,			1		),

			('MicoPeachCivics',			'CIVIC_DRAMA_POETRY',				1,			0		),
			('MicoPeachCivics',			'CIVIC_HUMANISM',					1,			0		),
			('MicoPeachTechs',			'TECH_CURRENCY',					1,			0		),
			('MicoPeachTechs',			'TECH_CASTLES',						1,			0		),
			('MicoPeachTechs',			'TECH_BANKING',						1,			0		),
			('MicoPeachTechs',			'TECH_ECONOMICS',					1,			0		),	
			('MicoPeachDistricts',		'DISTRICT_GOVERNMENT',				1,			0		),		
			('MicoPeachDistricts',		'DISTRICT_THEATER',					1,			0		),
			('MicoPeachBuildings',		'BUILDING_AMPHITHEATER',			1,			0		),
			('MicoPeachBuildings',		'BUILDING_MUSEUM_ART',				1,			0		),
			('MicoPeachBuildings',		'BUILDING_GOV_WIDE',				1,			0		),
			('MicoPeachBuildings',		'BUILDING_GOV_CITYSTATES',			1,			0		),
			('MicoPeachBuildings',		'BUILDING_GOV_CULTURE',				1,			0		),
			('MicoPeachBuildings',		'BUILDING_APADANA',					1,			0		),
			('MicoPeachBuildings',		'BUILDING_MICO_PEACH_CASTLE',		1,			0		),	
			('MicoPeachBuildings',		'BUILDING_HERMITAGE',				1,			0		),		
			('MicoPeachPseudoYields',	'PSEUDOYIELD_TOURISM',				1,			90		),
			('MicoPeachPseudoYields',	'PSEUDOYIELD_GPP_ARTIST',			1,			60		),
			('MicoPeachPseudoYields',	'PSEUDOYIELD_GREATWORK_LANDSCAPE',	1,			50		),

			('MicoDaisyCivics',			'CIVIC_MYSTICISM',					1,			0		),
			('MicoDaisyCivics',			'CIVIC_GAMES_RECREATION',			1,			0		),
			('MicoDaisyCivics',			'CIVIC_CIVIL_ENGINEERING',			1,			0		),
			('MicoDaisyTechs',			'TECH_STEEL',						1,			0		),
			('MicoDaisyTechs',			'TECH_COMBUSTION',					1,			0		),
			('MicoDaisyTechs',			'TECH_SYNTHETIC_MATERIALS',			1,			0		),
			('MicoDaisyDistricts',		'DISTRICT_PRESERVE',				1,			0		),	
			('MicoDaisyDistricts',		'DISTRICT_ENTERTAINMENT_COMPLEX',	1,			0		),	
			('MicoDaisyDistricts',		'DISTRICT_NEIGHBORHOOD',			1,			0		),	
			('MicoDaisyBuildings',		'BUILDING_MICO_GIANT_BEANSTALK',	1,			0		),
			('MicoDaisyBuildings',		'BUILDING_ARENA',					1,			0		),
			('MicoDaisyBuildings',		'BUILDING_COLOSSEUM',				1,			0		),
			('MicoDaisyBuildings',		'BUILDING_EIFFEL_TOWER',			1,			0		),
			('MicoDaisyBuildings',		'BUILDING_GOLDEN_GATE_BRIDGE',		1,			0		),
			('MicoDaisyBuildings',		'BUILDING_BIOSPHERE',				1,			0		),
			('MicoDaisyUnits',			'UNIT_MICO_ROYAL_GARDENER',			1,			1		),
			('MicoDaisyPseudoYields',	'PSEUDOYIELD_ENVIRONMENT',			1,			20		),
			('MicoDaisyPseudoYields',	'PSEUDOYIELD_HAPPINESS',			1,			100		);